date,5001,5045,5088,5129,5154,5266,5360,5837,8001,8078,8296,8433,8573,8638,8758,11001,13001,15001,15238,15759,17001,17380,18001,19001,20001,20011,23001,23162,23417,23660,25175,25290,25307,25473,25754,25899,27425,41001,41551,44001,44430,47001,47189,50001,52001,52356,52835,54001,54405,54874,63001,66001,66170,68001,68081,68276,68307,68547,70001,73001,73268,76001,76109,76111,76147,76520,76834,76892,85001,86568,91001
2020-03-06,0.0,0.0,0.0,0.0,0.0,0.0,0.0,0.0,0.0,0.0,0.0,0.0,0.0,0.0,0.0,0.0,0.0,0.0,0.0,0.0,0.0,0.0,0.0,0.0,0.0,0.0,0.0,0.0,0.0,0.0,0.0,0.0,0.0,0.0,0.0,0.0,0.0,0.0,0.0,0.0,0.0,0.0,0.0,0.0,0.0,0.0,0.0,0.0,0.0,0.0,0.0,0.0,0.0,0.0,0.0,0.0,0.0,0.0,0.0,0.0,0.0,0.0,0.0,0.0,0.0,0.0,0.0,0.0,0.0,0.0,0.0
2020-03-07,0.0,0.0,0.0,0.0,0.0,0.0,0.0,0.0,0.0,0.0,0.0,0.0,0.0,0.0,0.0,0.0,0.0,0.0,0.0,0.0,0.0,0.0,0.0,0.0,0.0,0.0,0.0,0.0,0.0,0.0,0.0,0.0,0.0,0.0,0.0,0.0,0.0,0.0,0.0,0.0,0.0,0.0,0.0,0.0,0.0,0.0,0.0,0.0,0.0,0.0,0.0,0.0,0.0,0.0,0.0,0.0,0.0,0.0,0.0,0.0,0.0,0.0,0.0,0.0,0.0,0.0,0.0,0.0,0.0,0.0,0.0
2020-03-08,0.0,0.0,0.0,0.0,0.0,0.0,0.0,0.0,0.0,0.0,0.0,0.0,0.0,0.0,0.0,0.0,0.0,0.0,0.0,0.0,0.0,0.0,0.0,0.0,0.0,0.0,0.0,0.0,0.0,0.0,0.0,0.0,0.0,0.0,0.0,0.0,0.0,0.0,0.0,0.0,0.0,0.0,0.0,0.0,0.0,0.0,0.0,0.0,0.0,0.0,0.0,0.0,0.0,0.0,0.0,0.0,0.0,0.0,0.0,0.0,0.0,0.0,0.0,0.0,0.0,0.0,0.0,0.0,0.0,0.0,0.0
2020-03-09,0.0,0.0,0.0,0.0,0.0,0.0,0.0,0.0,0.0,0.0,0.0,0.0,0.0,0.0,0.0,0.0,0.0,0.0,0.0,0.0,0.0,0.0,0.0,0.0,0.0,0.0,0.0,0.0,0.0,0.0,0.0,0.0,0.0,0.0,0.0,0.0,0.0,0.0,0.0,0.0,0.0,0.0,0.0,0.0,0.0,0.0,0.0,0.0,0.0,0.0,0.0,0.0,0.0,0.0,0.0,0.0,0.0,0.0,0.0,0.0,0.0,0.0,0.0,0.0,0.0,0.0,0.0,0.0,0.0,0.0,0.0
2020-03-10,1.0,0.0,0.0,0.0,0.0,0.0,0.0,0.0,0.0,0.0,0.0,0.0,0.0,0.0,0.0,1.0,0.0,0.0,0.0,0.0,0.0,0.0,0.0,0.0,0.0,0.0,0.0,0.0,0.0,0.0,0.0,0.0,0.0,0.0,0.0,0.0,0.0,0.0,0.0,0.0,0.0,0.0,0.0,0.0,0.0,0.0,0.0,0.0,0.0,0.0,0.0,0.0,0.0,0.0,0.0,0.0,0.0,0.0,0.0,0.0,0.0,0.0,0.0,0.0,0.0,0.0,0.0,0.0,0.0,0.0,0.0
2020-03-11,1.0,0.0,0.0,0.0,0.0,0.0,0.0,0.0,0.0,0.0,0.0,0.0,0.0,0.0,0.0,2.0,0.0,0.0,0.0,0.0,0.0,0.0,0.0,0.0,0.0,0.0,0.0,0.0,0.0,0.0,0.0,0.0,0.0,0.0,0.0,0.0,0.0,0.0,0.0,0.0,0.0,0.0,0.0,0.0,0.0,0.0,0.0,0.0,0.0,0.0,0.0,0.0,0.0,0.0,0.0,0.0,0.0,0.0,0.0,0.0,0.0,0.0,0.0,0.0,0.0,0.0,0.0,0.0,0.0,0.0,0.0
2020-03-12,1.0,0.0,0.0,0.0,0.0,0.0,0.0,0.0,0.0,0.0,0.0,0.0,0.0,0.0,0.0,3.0,0.0,0.0,0.0,0.0,0.0,0.0,0.0,0.0,0.0,0.0,0.0,0.0,0.0,0.0,0.0,0.0,0.0,0.0,0.0,0.0,0.0,1.0,0.0,0.0,0.0,0.0,0.0,0.0,0.0,0.0,0.0,0.0,0.0,0.0,0.0,0.0,0.0,0.0,0.0,0.0,0.0,0.0,0.0,0.0,0.0,0.0,0.0,0.0,0.0,0.0,0.0,0.0,0.0,0.0,0.0
2020-03-13,1.0,0.0,0.0,0.0,0.0,0.0,0.0,0.0,0.0,0.0,0.0,0.0,0.0,0.0,0.0,4.0,1.0,0.0,0.0,0.0,0.0,0.0,0.0,0.0,0.0,0.0,0.0,0.0,0.0,0.0,0.0,0.0,0.0,0.0,0.0,0.0,0.0,1.0,0.0,0.0,0.0,0.0,0.0,0.0,0.0,0.0,0.0,0.0,0.0,0.0,0.0,0.0,0.0,0.0,0.0,0.0,0.0,0.0,0.0,0.0,0.0,0.0,0.0,0.0,0.0,0.0,0.0,0.0,0.0,0.0,0.0
2020-03-14,1.0,0.0,0.0,0.0,0.0,0.0,0.0,0.0,0.0,0.0,0.0,0.0,0.0,0.0,0.0,6.0,1.0,0.0,0.0,0.0,0.0,0.0,0.0,0.0,0.0,0.0,0.0,0.0,0.0,0.0,0.0,0.0,0.0,0.0,0.0,0.0,0.0,1.0,0.0,0.0,0.0,0.0,0.0,0.0,0.0,0.0,0.0,0.0,0.0,0.0,0.0,0.0,0.0,0.0,0.0,0.0,0.0,0.0,0.0,0.0,0.0,1.0,0.0,0.0,0.0,0.0,0.0,0.0,0.0,0.0,0.0
2020-03-15,1.0,0.0,0.0,0.0,0.0,0.0,0.0,0.0,0.0,0.0,0.0,0.0,0.0,0.0,0.0,7.0,1.0,0.0,0.0,0.0,0.0,0.0,0.0,0.0,0.0,0.0,0.0,0.0,0.0,0.0,0.0,0.0,0.0,0.0,0.0,0.0,0.0,1.0,0.0,0.0,0.0,0.0,0.0,0.0,0.0,0.0,0.0,0.0,0.0,0.0,0.0,0.0,0.0,0.0,0.0,0.0,0.0,0.0,0.0,0.0,0.0,1.0,0.0,0.0,0.0,1.0,0.0,0.0,0.0,0.0,0.0
2020-03-16,1.0,0.0,0.0,0.0,0.0,0.0,0.0,0.0,1.0,0.0,0.0,0.0,0.0,0.0,0.0,7.0,1.0,0.0,0.0,0.0,0.0,0.0,0.0,0.0,0.0,0.0,0.0,0.0,0.0,0.0,0.0,0.0,0.0,0.0,0.0,0.0,0.0,1.0,0.0,0.0,0.0,0.0,0.0,0.0,0.0,0.0,0.0,1.0,0.0,0.0,0.0,0.0,0.0,0.0,0.0,0.0,0.0,0.0,0.0,0.0,0.0,1.0,0.0,0.0,0.0,1.0,0.0,0.0,0.0,0.0,0.0
2020-03-17,1.0,0.0,0.0,0.0,0.0,0.0,0.0,0.0,1.0,0.0,0.0,0.0,0.0,0.0,0.0,9.0,2.0,0.0,0.0,0.0,0.0,0.0,0.0,0.0,0.0,0.0,0.0,0.0,0.0,0.0,0.0,0.0,0.0,0.0,0.0,0.0,0.0,1.0,0.0,0.0,0.0,0.0,0.0,0.0,0.0,0.0,0.0,1.0,0.0,0.0,1.0,1.0,0.0,0.0,0.0,0.0,0.0,0.0,0.0,0.0,0.0,2.0,0.0,0.0,0.0,1.0,0.0,0.0,0.0,0.0,0.0
2020-03-18,2.0,0.0,0.0,0.0,0.0,0.0,0.0,0.0,1.0,0.0,0.0,0.0,0.0,0.0,0.0,9.0,2.0,0.0,0.0,0.0,0.0,0.0,0.0,0.0,0.0,0.0,0.0,0.0,0.0,0.0,0.0,0.0,0.0,0.0,1.0,0.0,0.0,1.0,0.0,0.0,0.0,0.0,0.0,0.0,0.0,0.0,0.0,1.0,0.0,0.0,1.0,1.0,0.0,0.0,0.0,0.0,0.0,0.0,0.0,0.0,0.0,2.0,0.0,0.0,0.0,1.0,0.0,0.0,0.0,0.0,0.0
2020-03-19,2.0,0.0,0.0,0.0,0.0,0.0,0.0,0.0,1.0,0.0,0.0,0.0,0.0,0.0,0.0,10.0,2.0,0.0,0.0,0.0,0.0,0.0,0.0,0.0,0.0,0.0,0.0,0.0,0.0,0.0,0.0,0.0,0.0,0.0,1.0,0.0,0.0,0.0,0.0,0.0,0.0,0.0,0.0,0.0,0.0,0.0,0.0,1.0,0.0,0.0,1.0,1.0,0.0,0.0,0.0,0.0,0.0,0.0,0.0,1.0,0.0,2.0,0.0,0.0,0.0,1.0,0.0,0.0,0.0,0.0,0.0
2020-03-20,3.0,0.0,0.0,0.0,0.0,1.0,0.0,0.0,1.0,0.0,0.0,0.0,0.0,0.0,0.0,12.0,2.0,0.0,0.0,0.0,0.0,0.0,0.0,0.0,0.0,0.0,0.0,0.0,0.0,0.0,0.0,0.0,0.0,0.0,1.0,0.0,0.0,1.0,0.0,0.0,0.0,1.0,0.0,0.0,0.0,0.0,0.0,1.0,0.0,0.0,1.0,1.0,1.0,0.0,0.0,0.0,0.0,0.0,0.0,1.0,0.0,2.0,0.0,0.0,0.0,1.0,0.0,0.0,0.0,0.0,0.0
2020-03-21,4.0,0.0,0.0,0.0,0.0,1.0,0.0,0.0,1.0,0.0,0.0,0.0,0.0,0.0,0.0,15.0,2.0,0.0,0.0,0.0,0.0,0.0,0.0,0.0,0.0,0.0,0.0,0.0,0.0,0.0,1.0,0.0,0.0,0.0,1.0,0.0,0.0,1.0,0.0,0.0,0.0,1.0,0.0,1.0,0.0,0.0,0.0,1.0,0.0,0.0,1.0,1.0,1.0,0.0,0.0,0.0,0.0,0.0,0.0,1.0,0.0,4.0,0.0,0.0,0.0,1.0,0.0,0.0,0.0,0.0,0.0
2020-03-22,5.0,0.0,0.0,0.0,0.0,1.0,0.0,0.0,1.0,0.0,0.0,0.0,0.0,0.0,0.0,18.0,2.0,0.0,0.0,0.0,0.0,0.0,0.0,1.0,0.0,0.0,0.0,0.0,0.0,0.0,1.0,0.0,0.0,0.0,1.0,0.0,0.0,1.0,0.0,0.0,0.0,1.0,0.0,1.0,0.0,0.0,0.0,1.0,0.0,0.0,1.0,1.0,1.0,0.0,0.0,0.0,0.0,0.0,0.0,1.0,0.0,6.0,0.0,0.0,0.0,1.0,0.0,0.0,0.0,0.0,0.0
2020-03-23,5.0,0.0,0.0,0.0,0.0,1.0,0.0,0.0,1.0,0.0,0.0,0.0,0.0,0.0,0.0,20.0,2.0,0.0,0.0,0.0,0.0,0.0,0.0,1.0,0.0,0.0,0.0,0.0,0.0,0.0,0.0,0.0,0.0,0.0,1.0,0.0,0.0,1.0,0.0,0.0,0.0,0.0,0.0,1.0,0.0,0.0,0.0,1.0,0.0,0.0,1.0,1.0,1.0,0.0,0.0,0.0,0.0,0.0,0.0,1.0,0.0,7.0,0.0,0.0,0.0,1.0,1.0,0.0,0.0,0.0,0.0
2020-03-24,4.0,0.0,0.0,0.0,0.0,0.0,0.0,0.0,1.0,0.0,0.0,0.0,0.0,0.0,0.0,22.0,3.0,0.0,0.0,0.0,1.0,0.0,0.0,1.0,0.0,0.0,0.0,0.0,0.0,0.0,0.0,0.0,0.0,0.0,0.0,0.0,0.0,1.0,0.0,0.0,0.0,1.0,0.0,1.0,0.0,0.0,0.0,1.0,0.0,0.0,2.0,1.0,1.0,0.0,0.0,0.0,0.0,0.0,0.0,1.0,0.0,7.0,0.0,0.0,0.0,1.0,1.0,0.0,0.0,0.0,0.0
2020-03-25,3.0,0.0,0.0,0.0,0.0,0.0,0.0,0.0,1.0,0.0,0.0,0.0,0.0,0.0,0.0,24.0,2.0,0.0,0.0,0.0,1.0,0.0,0.0,1.0,0.0,0.0,0.0,0.0,0.0,0.0,0.0,0.0,0.0,0.0,0.0,0.0,0.0,1.0,0.0,0.0,0.0,1.0,0.0,1.0,0.0,0.0,0.0,1.0,0.0,0.0,2.0,1.0,0.0,0.0,0.0,0.0,0.0,0.0,0.0,1.0,0.0,6.0,0.0,0.0,0.0,1.0,1.0,0.0,0.0,0.0,0.0
2020-03-26,3.0,0.0,0.0,0.0,0.0,0.0,0.0,0.0,2.0,0.0,0.0,0.0,0.0,0.0,0.0,26.0,2.0,0.0,0.0,0.0,1.0,0.0,0.0,1.0,0.0,0.0,0.0,0.0,0.0,0.0,0.0,0.0,0.0,0.0,0.0,0.0,0.0,0.0,0.0,0.0,0.0,1.0,0.0,1.0,0.0,0.0,0.0,1.0,0.0,0.0,1.0,1.0,0.0,0.0,0.0,0.0,0.0,0.0,0.0,1.0,0.0,5.0,0.0,0.0,0.0,1.0,0.0,0.0,0.0,0.0,0.0
2020-03-27,3.0,0.0,1.0,0.0,0.0,1.0,0.0,0.0,2.0,0.0,0.0,0.0,0.0,0.0,0.0,30.0,2.0,0.0,0.0,0.0,0.0,0.0,0.0,1.0,0.0,0.0,0.0,0.0,0.0,0.0,0.0,0.0,0.0,0.0,0.0,0.0,0.0,1.0,0.0,0.0,0.0,1.0,0.0,0.0,0.0,0.0,0.0,1.0,0.0,0.0,1.0,2.0,0.0,0.0,0.0,0.0,0.0,0.0,0.0,0.0,0.0,5.0,0.0,0.0,0.0,1.0,0.0,0.0,0.0,0.0,0.0
2020-03-28,4.0,0.0,1.0,0.0,0.0,1.0,0.0,0.0,3.0,0.0,0.0,0.0,0.0,0.0,0.0,34.0,3.0,0.0,0.0,0.0,0.0,0.0,0.0,0.0,1.0,0.0,0.0,0.0,0.0,0.0,0.0,0.0,0.0,0.0,0.0,0.0,0.0,1.0,0.0,0.0,0.0,1.0,0.0,0.0,0.0,0.0,0.0,0.0,0.0,0.0,1.0,2.0,0.0,1.0,0.0,0.0,0.0,0.0,0.0,0.0,0.0,5.0,0.0,0.0,1.0,1.0,0.0,0.0,0.0,0.0,0.0
2020-03-29,5.0,0.0,1.0,0.0,0.0,1.0,0.0,0.0,3.0,0.0,0.0,0.0,0.0,0.0,0.0,41.0,3.0,0.0,0.0,0.0,0.0,0.0,0.0,0.0,2.0,0.0,0.0,0.0,0.0,0.0,0.0,0.0,0.0,0.0,0.0,0.0,0.0,2.0,0.0,0.0,0.0,1.0,0.0,1.0,0.0,0.0,0.0,0.0,0.0,0.0,0.0,2.0,1.0,1.0,0.0,0.0,0.0,0.0,0.0,0.0,0.0,7.0,0.0,0.0,1.0,2.0,0.0,0.0,0.0,0.0,0.0
2020-03-30,5.0,0.0,1.0,0.0,0.0,2.0,0.0,0.0,3.0,0.0,0.0,0.0,0.0,0.0,0.0,49.0,3.0,0.0,0.0,0.0,0.0,0.0,0.0,0.0,2.0,0.0,0.0,0.0,0.0,0.0,0.0,0.0,0.0,0.0,1.0,0.0,0.0,2.0,0.0,0.0,0.0,1.0,0.0,1.0,0.0,0.0,0.0,1.0,0.0,0.0,0.0,2.0,1.0,1.0,0.0,1.0,0.0,0.0,0.0,1.0,0.0,9.0,0.0,0.0,1.0,2.0,0.0,1.0,0.0,0.0,0.0
2020-03-31,6.0,0.0,1.0,0.0,0.0,2.0,0.0,0.0,4.0,0.0,0.0,0.0,0.0,0.0,0.0,54.0,2.0,0.0,0.0,0.0,0.0,0.0,0.0,0.0,3.0,0.0,0.0,0.0,0.0,0.0,0.0,0.0,0.0,0.0,1.0,0.0,0.0,3.0,0.0,0.0,0.0,1.0,0.0,1.0,0.0,0.0,0.0,1.0,0.0,0.0,0.0,2.0,0.0,1.0,0.0,1.0,0.0,0.0,0.0,1.0,0.0,10.0,0.0,0.0,1.0,2.0,0.0,1.0,0.0,0.0,0.0
2020-04-01,6.0,0.0,1.0,0.0,0.0,2.0,1.0,0.0,4.0,0.0,0.0,0.0,0.0,0.0,0.0,61.0,2.0,0.0,0.0,0.0,0.0,0.0,0.0,0.0,2.0,0.0,0.0,0.0,0.0,0.0,1.0,0.0,0.0,0.0,1.0,0.0,0.0,3.0,0.0,0.0,0.0,1.0,0.0,1.0,0.0,0.0,0.0,1.0,0.0,0.0,0.0,2.0,0.0,1.0,0.0,0.0,0.0,0.0,0.0,1.0,0.0,11.0,0.0,0.0,1.0,1.0,0.0,1.0,0.0,0.0,0.0
2020-04-02,6.0,0.0,1.0,0.0,0.0,1.0,1.0,0.0,4.0,0.0,0.0,0.0,0.0,0.0,1.0,63.0,1.0,0.0,0.0,0.0,0.0,0.0,0.0,0.0,2.0,0.0,0.0,0.0,0.0,0.0,1.0,0.0,0.0,0.0,1.0,0.0,0.0,2.0,0.0,0.0,0.0,1.0,0.0,1.0,0.0,0.0,0.0,1.0,0.0,0.0,0.0,1.0,0.0,0.0,0.0,0.0,0.0,0.0,0.0,1.0,0.0,12.0,0.0,0.0,0.0,1.0,0.0,1.0,0.0,0.0,0.0
2020-04-03,7.0,0.0,1.0,0.0,0.0,1.0,1.0,0.0,3.0,0.0,0.0,0.0,0.0,0.0,1.0,63.0,2.0,0.0,0.0,0.0,0.0,0.0,0.0,0.0,1.0,0.0,0.0,0.0,0.0,0.0,1.0,0.0,0.0,1.0,1.0,0.0,0.0,2.0,0.0,0.0,0.0,0.0,0.0,1.0,0.0,0.0,0.0,1.0,0.0,0.0,0.0,1.0,0.0,0.0,0.0,0.0,0.0,0.0,0.0,1.0,0.0,12.0,0.0,0.0,0.0,1.0,0.0,1.0,0.0,0.0,0.0
2020-04-04,7.0,0.0,1.0,0.0,0.0,1.0,1.0,0.0,3.0,0.0,0.0,0.0,0.0,0.0,1.0,64.0,2.0,0.0,0.0,0.0,0.0,0.0,0.0,0.0,0.0,0.0,0.0,0.0,0.0,0.0,1.0,0.0,0.0,1.0,1.0,0.0,0.0,1.0,0.0,0.0,0.0,0.0,0.0,0.0,0.0,0.0,0.0,1.0,0.0,0.0,0.0,0.0,0.0,0.0,0.0,0.0,0.0,0.0,0.0,1.0,0.0,12.0,0.0,0.0,0.0,1.0,0.0,0.0,0.0,0.0,0.0
2020-04-05,9.0,1.0,1.0,0.0,0.0,1.0,1.0,0.0,2.0,0.0,0.0,0.0,0.0,0.0,2.0,67.0,4.0,0.0,0.0,0.0,0.0,0.0,0.0,0.0,0.0,0.0,0.0,0.0,0.0,0.0,1.0,0.0,0.0,1.0,1.0,0.0,0.0,1.0,0.0,0.0,0.0,1.0,0.0,0.0,0.0,0.0,0.0,1.0,0.0,0.0,1.0,1.0,0.0,0.0,0.0,0.0,0.0,0.0,0.0,0.0,0.0,16.0,0.0,0.0,0.0,1.0,0.0,0.0,0.0,0.0,0.0
2020-04-06,10.0,1.0,1.0,0.0,0.0,1.0,1.0,0.0,3.0,0.0,0.0,0.0,0.0,0.0,2.0,69.0,5.0,0.0,0.0,0.0,0.0,0.0,0.0,0.0,0.0,0.0,1.0,0.0,0.0,0.0,1.0,0.0,0.0,0.0,1.0,1.0,0.0,1.0,0.0,0.0,0.0,2.0,0.0,0.0,1.0,1.0,0.0,1.0,0.0,0.0,1.0,1.0,1.0,0.0,0.0,0.0,0.0,0.0,0.0,0.0,0.0,22.0,1.0,0.0,0.0,1.0,1.0,0.0,0.0,0.0,0.0
2020-04-07,11.0,0.0,1.0,0.0,0.0,1.0,0.0,0.0,3.0,0.0,0.0,0.0,0.0,0.0,2.0,75.0,8.0,1.0,0.0,0.0,0.0,1.0,0.0,0.0,0.0,0.0,1.0,0.0,0.0,0.0,1.0,0.0,0.0,0.0,2.0,1.0,0.0,1.0,0.0,0.0,0.0,4.0,0.0,0.0,1.0,2.0,0.0,2.0,0.0,0.0,2.0,1.0,1.0,0.0,0.0,0.0,0.0,0.0,0.0,0.0,0.0,31.0,1.0,1.0,0.0,1.0,1.0,0.0,0.0,0.0,0.0
2020-04-08,11.0,0.0,1.0,0.0,0.0,1.0,0.0,0.0,4.0,0.0,0.0,0.0,0.0,0.0,1.0,75.0,10.0,1.0,0.0,0.0,1.0,2.0,0.0,0.0,1.0,0.0,1.0,0.0,0.0,0.0,1.0,0.0,0.0,0.0,2.0,1.0,0.0,2.0,0.0,0.0,0.0,6.0,1.0,1.0,1.0,3.0,0.0,2.0,0.0,0.0,3.0,2.0,2.0,1.0,0.0,0.0,0.0,0.0,0.0,1.0,0.0,39.0,1.0,1.0,0.0,1.0,1.0,0.0,1.0,0.0,0.0
2020-04-09,9.0,0.0,1.0,0.0,0.0,1.0,0.0,0.0,4.0,0.0,0.0,0.0,0.0,0.0,1.0,71.0,11.0,1.0,0.0,0.0,1.0,2.0,0.0,0.0,2.0,0.0,1.0,0.0,0.0,0.0,2.0,0.0,0.0,0.0,3.0,1.0,0.0,2.0,0.0,0.0,0.0,7.0,1.0,1.0,2.0,3.0,0.0,3.0,0.0,0.0,3.0,2.0,2.0,1.0,1.0,0.0,0.0,0.0,0.0,1.0,0.0,42.0,1.0,1.0,0.0,2.0,1.0,1.0,1.0,0.0,0.0
2020-04-10,8.0,0.0,1.0,0.0,0.0,1.0,0.0,0.0,4.0,0.0,0.0,0.0,0.0,0.0,1.0,61.0,12.0,1.0,0.0,0.0,1.0,3.0,0.0,0.0,3.0,0.0,1.0,0.0,0.0,0.0,2.0,0.0,0.0,0.0,3.0,1.0,0.0,3.0,0.0,0.0,0.0,8.0,1.0,2.0,2.0,3.0,1.0,3.0,0.0,0.0,3.0,2.0,2.0,1.0,1.0,0.0,0.0,0.0,0.0,1.0,0.0,40.0,1.0,1.0,0.0,2.0,1.0,1.0,1.0,0.0,0.0
2020-04-11,7.0,0.0,1.0,0.0,0.0,1.0,0.0,0.0,4.0,0.0,0.0,0.0,1.0,0.0,0.0,49.0,11.0,1.0,0.0,0.0,1.0,2.0,0.0,0.0,3.0,0.0,1.0,0.0,0.0,0.0,2.0,0.0,0.0,0.0,2.0,1.0,0.0,3.0,0.0,0.0,0.0,7.0,1.0,3.0,1.0,3.0,1.0,3.0,0.0,0.0,2.0,2.0,2.0,1.0,1.0,0.0,0.0,0.0,0.0,1.0,0.0,34.0,1.0,1.0,0.0,1.0,0.0,1.0,1.0,0.0,0.0
2020-04-12,7.0,0.0,1.0,0.0,0.0,1.0,0.0,0.0,3.0,0.0,0.0,0.0,1.0,0.0,0.0,39.0,11.0,0.0,0.0,0.0,0.0,2.0,0.0,0.0,2.0,0.0,1.0,0.0,0.0,0.0,2.0,0.0,0.0,0.0,2.0,1.0,0.0,2.0,0.0,0.0,0.0,6.0,1.0,4.0,1.0,2.0,0.0,3.0,0.0,0.0,1.0,2.0,2.0,1.0,1.0,0.0,0.0,0.0,0.0,1.0,0.0,24.0,1.0,0.0,0.0,1.0,0.0,1.0,1.0,0.0,0.0
2020-04-13,8.0,0.0,1.0,0.0,0.0,1.0,0.0,0.0,2.0,0.0,0.0,0.0,0.0,0.0,0.0,37.0,10.0,0.0,0.0,0.0,0.0,2.0,0.0,0.0,2.0,0.0,1.0,0.0,0.0,0.0,2.0,0.0,0.0,0.0,2.0,0.0,0.0,2.0,0.0,0.0,0.0,5.0,1.0,4.0,1.0,1.0,0.0,3.0,0.0,0.0,1.0,2.0,2.0,1.0,1.0,0.0,0.0,0.0,0.0,1.0,0.0,18.0,1.0,0.0,0.0,1.0,0.0,1.0,1.0,0.0,0.0
2020-04-14,9.0,0.0,2.0,0.0,0.0,1.0,0.0,0.0,1.0,0.0,0.0,0.0,0.0,0.0,0.0,37.0,9.0,0.0,0.0,0.0,1.0,2.0,0.0,0.0,1.0,0.0,1.0,0.0,0.0,0.0,1.0,0.0,0.0,0.0,2.0,0.0,0.0,2.0,0.0,0.0,0.0,4.0,1.0,5.0,1.0,1.0,0.0,3.0,0.0,0.0,1.0,4.0,2.0,1.0,0.0,0.0,0.0,0.0,0.0,1.0,0.0,15.0,1.0,0.0,0.0,1.0,0.0,1.0,0.0,0.0,0.0
2020-04-15,9.0,0.0,2.0,0.0,0.0,0.0,0.0,0.0,1.0,0.0,0.0,0.0,0.0,0.0,1.0,44.0,10.0,0.0,0.0,0.0,1.0,2.0,0.0,0.0,0.0,0.0,1.0,0.0,0.0,0.0,1.0,0.0,0.0,0.0,2.0,0.0,1.0,2.0,0.0,0.0,0.0,3.0,2.0,4.0,0.0,1.0,0.0,3.0,0.0,0.0,1.0,6.0,3.0,0.0,0.0,0.0,0.0,0.0,0.0,1.0,0.0,15.0,2.0,0.0,0.0,1.0,1.0,1.0,0.0,0.0,0.0
2020-04-16,8.0,0.0,2.0,0.0,0.0,0.0,0.0,0.0,1.0,0.0,0.0,0.0,0.0,0.0,1.0,56.0,9.0,0.0,0.0,0.0,1.0,2.0,0.0,0.0,0.0,0.0,1.0,0.0,0.0,0.0,0.0,0.0,0.0,0.0,2.0,0.0,1.0,2.0,0.0,0.0,0.0,3.0,2.0,4.0,0.0,0.0,1.0,2.0,0.0,0.0,1.0,8.0,3.0,0.0,0.0,0.0,0.0,0.0,0.0,1.0,0.0,17.0,2.0,1.0,0.0,1.0,1.0,1.0,0.0,0.0,1.0
2020-04-17,8.0,0.0,2.0,0.0,0.0,0.0,1.0,0.0,2.0,0.0,0.0,0.0,0.0,0.0,1.0,67.0,8.0,0.0,0.0,0.0,1.0,1.0,0.0,0.0,0.0,0.0,1.0,0.0,0.0,0.0,0.0,0.0,0.0,0.0,3.0,0.0,1.0,2.0,0.0,0.0,0.0,2.0,2.0,4.0,0.0,0.0,1.0,2.0,0.0,0.0,1.0,9.0,3.0,0.0,0.0,0.0,0.0,0.0,0.0,1.0,0.0,19.0,2.0,1.0,0.0,2.0,1.0,1.0,0.0,0.0,1.0
2020-04-18,7.0,0.0,2.0,0.0,0.0,0.0,1.0,0.0,2.0,0.0,0.0,0.0,0.0,0.0,1.0,77.0,7.0,0.0,0.0,0.0,0.0,1.0,0.0,0.0,0.0,0.0,1.0,0.0,0.0,0.0,0.0,0.0,0.0,0.0,3.0,1.0,1.0,2.0,0.0,0.0,0.0,3.0,1.0,3.0,0.0,1.0,1.0,1.0,0.0,0.0,1.0,8.0,3.0,0.0,0.0,0.0,0.0,0.0,0.0,1.0,0.0,20.0,2.0,0.0,0.0,2.0,0.0,1.0,0.0,0.0,1.0
2020-04-19,7.0,0.0,3.0,0.0,0.0,0.0,1.0,0.0,3.0,0.0,0.0,0.0,0.0,0.0,1.0,84.0,5.0,0.0,0.0,0.0,0.0,1.0,0.0,0.0,0.0,0.0,1.0,0.0,0.0,0.0,0.0,0.0,0.0,0.0,4.0,1.0,1.0,2.0,0.0,0.0,0.0,4.0,1.0,6.0,0.0,2.0,1.0,0.0,0.0,0.0,1.0,7.0,3.0,0.0,0.0,0.0,0.0,0.0,0.0,2.0,0.0,22.0,1.0,0.0,0.0,2.0,0.0,1.0,0.0,0.0,1.0
2020-04-20,7.0,0.0,3.0,0.0,0.0,0.0,1.0,0.0,3.0,0.0,0.0,0.0,0.0,0.0,1.0,84.0,5.0,0.0,0.0,0.0,0.0,0.0,0.0,0.0,0.0,0.0,0.0,0.0,0.0,0.0,0.0,0.0,0.0,0.0,4.0,1.0,1.0,1.0,0.0,0.0,0.0,6.0,1.0,10.0,0.0,3.0,0.0,0.0,0.0,0.0,1.0,5.0,2.0,0.0,0.0,0.0,0.0,0.0,0.0,2.0,0.0,24.0,1.0,0.0,0.0,1.0,0.0,1.0,0.0,0.0,2.0
2020-04-21,7.0,0.0,2.0,0.0,0.0,0.0,0.0,0.0,3.0,0.0,0.0,0.0,0.0,0.0,1.0,87.0,4.0,0.0,0.0,0.0,0.0,1.0,0.0,0.0,1.0,0.0,0.0,0.0,0.0,0.0,0.0,0.0,0.0,0.0,4.0,1.0,0.0,1.0,0.0,0.0,0.0,8.0,2.0,16.0,0.0,4.0,1.0,0.0,0.0,0.0,1.0,3.0,1.0,1.0,0.0,0.0,0.0,0.0,0.0,2.0,0.0,25.0,1.0,0.0,0.0,1.0,0.0,1.0,0.0,0.0,2.0
2020-04-22,7.0,0.0,2.0,0.0,0.0,0.0,0.0,0.0,4.0,0.0,0.0,0.0,0.0,0.0,2.0,90.0,4.0,0.0,0.0,0.0,0.0,1.0,0.0,0.0,1.0,0.0,0.0,0.0,0.0,0.0,0.0,0.0,0.0,1.0,3.0,1.0,0.0,0.0,0.0,0.0,0.0,9.0,2.0,22.0,0.0,4.0,1.0,0.0,0.0,0.0,0.0,4.0,2.0,1.0,0.0,0.0,0.0,0.0,0.0,2.0,0.0,25.0,1.0,0.0,0.0,0.0,1.0,1.0,0.0,0.0,4.0
2020-04-23,6.0,0.0,2.0,0.0,0.0,0.0,0.0,0.0,5.0,0.0,0.0,0.0,0.0,0.0,4.0,94.0,6.0,0.0,0.0,0.0,0.0,1.0,0.0,0.0,2.0,0.0,0.0,0.0,0.0,0.0,0.0,0.0,0.0,1.0,3.0,0.0,0.0,1.0,0.0,0.0,0.0,9.0,2.0,27.0,1.0,4.0,2.0,0.0,0.0,0.0,0.0,6.0,2.0,1.0,0.0,0.0,0.0,0.0,0.0,1.0,0.0,25.0,1.0,0.0,0.0,0.0,1.0,1.0,0.0,0.0,6.0
2020-04-24,6.0,0.0,1.0,0.0,0.0,0.0,0.0,0.0,7.0,0.0,0.0,1.0,0.0,0.0,6.0,100.0,7.0,0.0,0.0,0.0,0.0,1.0,0.0,0.0,2.0,0.0,0.0,0.0,0.0,0.0,0.0,0.0,0.0,1.0,2.0,0.0,0.0,1.0,0.0,1.0,0.0,8.0,1.0,29.0,1.0,4.0,2.0,0.0,0.0,0.0,0.0,7.0,2.0,0.0,0.0,0.0,0.0,0.0,0.0,2.0,0.0,21.0,1.0,0.0,0.0,0.0,1.0,1.0,0.0,0.0,7.0
2020-04-25,5.0,0.0,1.0,0.0,0.0,0.0,0.0,0.0,9.0,0.0,0.0,1.0,0.0,0.0,8.0,101.0,8.0,0.0,0.0,0.0,0.0,1.0,0.0,1.0,2.0,0.0,0.0,0.0,0.0,0.0,0.0,0.0,0.0,1.0,2.0,0.0,0.0,2.0,0.0,1.0,0.0,6.0,1.0,35.0,1.0,4.0,3.0,1.0,0.0,0.0,1.0,7.0,2.0,0.0,0.0,0.0,0.0,0.0,0.0,3.0,0.0,20.0,1.0,0.0,0.0,0.0,1.0,1.0,1.0,0.0,9.0
2020-04-26,5.0,0.0,0.0,0.0,0.0,0.0,0.0,0.0,10.0,0.0,0.0,1.0,0.0,0.0,10.0,101.0,9.0,0.0,0.0,0.0,0.0,1.0,1.0,1.0,2.0,0.0,0.0,0.0,0.0,0.0,0.0,0.0,0.0,1.0,2.0,0.0,0.0,3.0,0.0,1.0,0.0,5.0,1.0,37.0,1.0,3.0,3.0,1.0,0.0,0.0,1.0,7.0,2.0,0.0,0.0,0.0,0.0,0.0,0.0,4.0,0.0,18.0,1.0,0.0,0.0,0.0,1.0,0.0,1.0,0.0,13.0
2020-04-27,4.0,0.0,0.0,0.0,0.0,0.0,0.0,0.0,11.0,0.0,0.0,1.0,0.0,0.0,12.0,100.0,10.0,0.0,0.0,0.0,1.0,1.0,1.0,1.0,1.0,0.0,0.0,0.0,1.0,0.0,0.0,0.0,0.0,1.0,2.0,0.0,1.0,4.0,0.0,1.0,0.0,4.0,2.0,39.0,1.0,3.0,3.0,1.0,0.0,0.0,1.0,5.0,2.0,0.0,0.0,0.0,0.0,0.0,0.0,5.0,0.0,19.0,1.0,0.0,0.0,0.0,1.0,0.0,1.0,0.0,14.0
2020-04-28,4.0,0.0,0.0,0.0,0.0,0.0,0.0,0.0,11.0,0.0,0.0,2.0,0.0,0.0,14.0,100.0,12.0,0.0,0.0,0.0,1.0,2.0,1.0,1.0,0.0,0.0,0.0,0.0,1.0,0.0,0.0,0.0,0.0,0.0,2.0,0.0,1.0,4.0,0.0,0.0,0.0,5.0,3.0,43.0,2.0,2.0,4.0,2.0,0.0,0.0,1.0,4.0,1.0,0.0,0.0,0.0,0.0,0.0,0.0,6.0,0.0,23.0,1.0,0.0,0.0,0.0,1.0,0.0,1.0,0.0,15.0
2020-04-29,4.0,0.0,0.0,0.0,0.0,0.0,0.0,0.0,12.0,0.0,0.0,3.0,0.0,0.0,16.0,102.0,14.0,0.0,0.0,0.0,1.0,2.0,1.0,1.0,0.0,0.0,0.0,0.0,1.0,0.0,0.0,0.0,0.0,0.0,2.0,0.0,1.0,5.0,1.0,0.0,0.0,6.0,5.0,42.0,2.0,2.0,5.0,2.0,0.0,0.0,1.0,3.0,1.0,0.0,0.0,0.0,0.0,0.0,0.0,6.0,0.0,27.0,2.0,0.0,1.0,0.0,1.0,0.0,1.0,0.0,16.0
2020-04-30,3.0,0.0,0.0,0.0,0.0,0.0,0.0,0.0,15.0,0.0,0.0,4.0,0.0,0.0,18.0,105.0,16.0,0.0,1.0,0.0,1.0,2.0,1.0,0.0,0.0,0.0,0.0,0.0,1.0,0.0,0.0,0.0,0.0,0.0,2.0,0.0,1.0,4.0,1.0,0.0,0.0,7.0,5.0,44.0,1.0,5.0,6.0,2.0,0.0,0.0,0.0,3.0,1.0,0.0,0.0,0.0,0.0,0.0,0.0,7.0,0.0,29.0,2.0,1.0,1.0,0.0,1.0,0.0,1.0,0.0,18.0
2020-05-01,3.0,0.0,0.0,0.0,0.0,0.0,0.0,0.0,19.0,0.0,0.0,5.0,0.0,0.0,20.0,108.0,18.0,0.0,1.0,0.0,1.0,2.0,1.0,0.0,1.0,0.0,0.0,0.0,1.0,0.0,0.0,1.0,0.0,0.0,2.0,0.0,1.0,3.0,1.0,0.0,0.0,7.0,5.0,43.0,1.0,6.0,7.0,2.0,0.0,0.0,0.0,3.0,1.0,0.0,0.0,0.0,0.0,0.0,0.0,6.0,0.0,31.0,2.0,1.0,1.0,1.0,1.0,0.0,1.0,0.0,22.0
2020-05-02,3.0,0.0,0.0,0.0,0.0,0.0,0.0,0.0,24.0,0.0,0.0,6.0,0.0,0.0,21.0,116.0,20.0,0.0,1.0,0.0,2.0,2.0,1.0,0.0,1.0,0.0,0.0,0.0,0.0,0.0,0.0,1.0,0.0,0.0,2.0,0.0,1.0,2.0,1.0,0.0,0.0,7.0,4.0,48.0,1.0,8.0,9.0,2.0,0.0,0.0,0.0,2.0,1.0,0.0,0.0,0.0,0.0,0.0,0.0,5.0,0.0,29.0,3.0,1.0,0.0,1.0,0.0,0.0,0.0,0.0,24.0
2020-05-03,3.0,0.0,0.0,0.0,0.0,0.0,0.0,0.0,27.0,0.0,1.0,6.0,0.0,0.0,21.0,127.0,21.0,0.0,1.0,0.0,2.0,1.0,1.0,0.0,1.0,0.0,0.0,0.0,0.0,0.0,0.0,1.0,0.0,0.0,2.0,0.0,2.0,1.0,0.0,0.0,0.0,6.0,3.0,54.0,1.0,8.0,11.0,2.0,0.0,0.0,0.0,1.0,1.0,0.0,0.0,0.0,0.0,0.0,0.0,4.0,0.0,28.0,3.0,0.0,0.0,1.0,0.0,0.0,0.0,0.0,25.0
2020-05-04,3.0,0.0,0.0,0.0,0.0,0.0,0.0,0.0,27.0,0.0,1.0,6.0,0.0,0.0,23.0,140.0,21.0,0.0,1.0,0.0,1.0,1.0,1.0,0.0,1.0,0.0,0.0,0.0,0.0,0.0,0.0,1.0,0.0,0.0,2.0,0.0,2.0,0.0,0.0,0.0,1.0,5.0,1.0,56.0,1.0,7.0,11.0,1.0,0.0,0.0,0.0,1.0,1.0,0.0,0.0,0.0,0.0,0.0,0.0,3.0,0.0,28.0,3.0,0.0,0.0,1.0,0.0,0.0,0.0,0.0,37.0
2020-05-05,3.0,0.0,0.0,0.0,0.0,0.0,0.0,0.0,28.0,1.0,1.0,6.0,0.0,0.0,26.0,156.0,26.0,0.0,1.0,0.0,1.0,2.0,1.0,1.0,1.0,0.0,0.0,0.0,0.0,0.0,0.0,1.0,0.0,0.0,2.0,0.0,2.0,0.0,0.0,0.0,1.0,4.0,1.0,56.0,1.0,5.0,11.0,1.0,0.0,0.0,0.0,0.0,1.0,0.0,0.0,0.0,0.0,0.0,0.0,2.0,0.0,29.0,3.0,0.0,0.0,1.0,0.0,0.0,0.0,0.0,43.0
2020-05-06,3.0,0.0,0.0,0.0,0.0,0.0,0.0,0.0,27.0,1.0,1.0,6.0,1.0,0.0,29.0,174.0,31.0,0.0,1.0,0.0,1.0,2.0,1.0,1.0,0.0,0.0,0.0,0.0,0.0,0.0,0.0,0.0,0.0,0.0,2.0,0.0,2.0,0.0,0.0,0.0,1.0,3.0,1.0,57.0,1.0,3.0,9.0,1.0,0.0,0.0,1.0,0.0,1.0,0.0,0.0,0.0,0.0,0.0,0.0,2.0,0.0,33.0,3.0,0.0,0.0,0.0,0.0,0.0,0.0,0.0,47.0
2020-05-07,3.0,0.0,0.0,0.0,0.0,0.0,0.0,0.0,27.0,2.0,1.0,5.0,1.0,1.0,29.0,180.0,41.0,0.0,0.0,0.0,1.0,2.0,1.0,1.0,0.0,0.0,1.0,0.0,0.0,0.0,0.0,0.0,0.0,0.0,1.0,0.0,1.0,1.0,0.0,0.0,1.0,3.0,1.0,52.0,1.0,1.0,8.0,1.0,0.0,0.0,1.0,0.0,0.0,0.0,0.0,0.0,0.0,0.0,0.0,3.0,0.0,36.0,3.0,0.0,0.0,0.0,0.0,0.0,0.0,0.0,54.0
2020-05-08,3.0,0.0,0.0,0.0,0.0,0.0,0.0,0.0,29.0,2.0,1.0,4.0,1.0,1.0,28.0,181.0,51.0,0.0,0.0,0.0,0.0,1.0,1.0,0.0,0.0,0.0,1.0,0.0,0.0,0.0,0.0,0.0,0.0,0.0,2.0,0.0,1.0,1.0,0.0,0.0,1.0,2.0,1.0,49.0,1.0,1.0,8.0,2.0,0.0,0.0,1.0,1.0,0.0,0.0,0.0,0.0,0.0,0.0,0.0,5.0,0.0,35.0,3.0,0.0,0.0,0.0,0.0,0.0,0.0,0.0,65.0
2020-05-09,3.0,0.0,0.0,0.0,0.0,0.0,0.0,0.0,30.0,2.0,1.0,4.0,1.0,1.0,28.0,182.0,61.0,0.0,0.0,0.0,0.0,1.0,0.0,0.0,0.0,0.0,1.0,0.0,0.0,0.0,0.0,0.0,0.0,0.0,2.0,0.0,1.0,1.0,1.0,0.0,1.0,2.0,2.0,37.0,1.0,1.0,9.0,2.0,0.0,0.0,0.0,1.0,0.0,0.0,0.0,0.0,0.0,0.0,0.0,6.0,0.0,33.0,4.0,0.0,0.0,0.0,0.0,0.0,0.0,0.0,73.0
2020-05-10,3.0,0.0,0.0,0.0,0.0,0.0,0.0,0.0,36.0,1.0,0.0,4.0,1.0,2.0,28.0,177.0,71.0,0.0,1.0,0.0,0.0,1.0,0.0,0.0,0.0,0.0,1.0,0.0,0.0,0.0,0.0,0.0,0.0,0.0,2.0,0.0,1.0,2.0,1.0,0.0,1.0,2.0,2.0,30.0,1.0,2.0,11.0,1.0,0.0,0.0,1.0,2.0,0.0,0.0,0.0,0.0,0.0,0.0,0.0,6.0,0.0,31.0,5.0,0.0,0.0,0.0,1.0,0.0,0.0,0.0,84.0
2020-05-11,4.0,0.0,0.0,0.0,0.0,0.0,0.0,0.0,43.0,1.0,0.0,4.0,1.0,2.0,28.0,180.0,80.0,0.0,1.0,0.0,1.0,1.0,1.0,0.0,0.0,0.0,1.0,0.0,0.0,1.0,0.0,0.0,0.0,0.0,2.0,0.0,2.0,1.0,1.0,0.0,1.0,4.0,2.0,21.0,1.0,2.0,14.0,1.0,0.0,0.0,1.0,3.0,0.0,0.0,0.0,0.0,0.0,0.0,0.0,5.0,0.0,33.0,6.0,0.0,0.0,0.0,1.0,1.0,1.0,0.0,86.0
2020-05-12,5.0,0.0,0.0,0.0,0.0,0.0,0.0,0.0,51.0,1.0,0.0,4.0,1.0,2.0,30.0,174.0,85.0,1.0,1.0,0.0,1.0,0.0,1.0,0.0,0.0,0.0,2.0,0.0,0.0,1.0,0.0,0.0,0.0,1.0,3.0,0.0,3.0,2.0,1.0,0.0,1.0,6.0,2.0,11.0,1.0,2.0,18.0,1.0,0.0,0.0,1.0,4.0,0.0,0.0,0.0,0.0,0.0,0.0,0.0,5.0,0.0,37.0,7.0,0.0,0.0,1.0,1.0,1.0,1.0,0.0,91.0
2020-05-13,7.0,0.0,0.0,0.0,0.0,0.0,0.0,0.0,58.0,1.0,0.0,5.0,1.0,2.0,30.0,178.0,94.0,1.0,1.0,0.0,1.0,0.0,1.0,0.0,0.0,0.0,3.0,0.0,0.0,2.0,0.0,0.0,0.0,1.0,3.0,0.0,3.0,2.0,1.0,0.0,1.0,8.0,2.0,5.0,1.0,1.0,24.0,1.0,0.0,0.0,1.0,4.0,0.0,0.0,0.0,0.0,0.0,0.0,0.0,5.0,0.0,42.0,7.0,0.0,0.0,1.0,1.0,1.0,1.0,0.0,84.0
2020-05-14,7.0,0.0,0.0,0.0,0.0,0.0,0.0,0.0,61.0,1.0,0.0,6.0,1.0,2.0,30.0,188.0,96.0,1.0,1.0,0.0,2.0,0.0,0.0,1.0,0.0,0.0,3.0,0.0,0.0,3.0,0.0,0.0,0.0,1.0,4.0,0.0,2.0,3.0,1.0,1.0,1.0,9.0,2.0,2.0,2.0,1.0,28.0,1.0,0.0,0.0,1.0,4.0,0.0,0.0,1.0,0.0,0.0,0.0,0.0,4.0,0.0,50.0,7.0,0.0,0.0,1.0,1.0,1.0,1.0,0.0,68.0
2020-05-15,7.0,1.0,0.0,0.0,0.0,0.0,0.0,0.0,60.0,1.0,1.0,8.0,1.0,2.0,32.0,197.0,101.0,1.0,1.0,0.0,2.0,0.0,0.0,1.0,1.0,0.0,4.0,0.0,0.0,3.0,0.0,0.0,1.0,1.0,4.0,0.0,1.0,3.0,1.0,1.0,2.0,8.0,2.0,2.0,2.0,1.0,30.0,1.0,0.0,0.0,1.0,3.0,0.0,0.0,1.0,0.0,0.0,0.0,0.0,4.0,0.0,52.0,7.0,0.0,0.0,1.0,0.0,1.0,0.0,0.0,56.0
2020-05-16,8.0,1.0,0.0,0.0,0.0,0.0,0.0,0.0,55.0,1.0,1.0,10.0,1.0,2.0,35.0,205.0,99.0,1.0,1.0,0.0,2.0,0.0,0.0,1.0,1.0,0.0,4.0,0.0,0.0,3.0,1.0,1.0,1.0,1.0,5.0,0.0,2.0,3.0,1.0,0.0,2.0,7.0,2.0,2.0,2.0,1.0,27.0,1.0,0.0,0.0,1.0,1.0,1.0,0.0,2.0,0.0,0.0,0.0,0.0,4.0,0.0,55.0,7.0,0.0,0.0,0.0,0.0,1.0,0.0,0.0,53.0
2020-05-17,8.0,1.0,0.0,0.0,0.0,0.0,0.0,0.0,51.0,1.0,1.0,11.0,2.0,2.0,38.0,218.0,98.0,2.0,1.0,0.0,2.0,0.0,0.0,1.0,1.0,0.0,3.0,0.0,0.0,3.0,1.0,1.0,0.0,1.0,5.0,0.0,4.0,3.0,0.0,0.0,2.0,5.0,2.0,2.0,3.0,1.0,24.0,1.0,0.0,0.0,1.0,0.0,1.0,0.0,1.0,0.0,0.0,0.0,0.0,3.0,0.0,56.0,9.0,0.0,0.0,0.0,0.0,1.0,0.0,0.0,53.0
2020-05-18,8.0,1.0,0.0,0.0,0.0,0.0,0.0,0.0,52.0,1.0,2.0,11.0,2.0,1.0,41.0,216.0,100.0,2.0,2.0,0.0,2.0,0.0,0.0,1.0,1.0,0.0,2.0,0.0,0.0,2.0,1.0,1.0,0.0,0.0,5.0,0.0,5.0,3.0,0.0,0.0,1.0,4.0,2.0,3.0,3.0,1.0,20.0,1.0,0.0,0.0,1.0,0.0,0.0,0.0,1.0,0.0,0.0,0.0,0.0,3.0,0.0,57.0,10.0,0.0,0.0,0.0,0.0,1.0,0.0,0.0,60.0
2020-05-19,8.0,1.0,0.0,0.0,0.0,0.0,0.0,0.0,55.0,1.0,2.0,12.0,2.0,1.0,46.0,219.0,99.0,3.0,2.0,0.0,1.0,0.0,0.0,1.0,1.0,0.0,1.0,0.0,0.0,1.0,1.0,1.0,0.0,1.0,5.0,0.0,6.0,3.0,0.0,0.0,1.0,4.0,1.0,3.0,3.0,1.0,20.0,1.0,0.0,0.0,1.0,0.0,0.0,0.0,1.0,0.0,0.0,0.0,0.0,2.0,0.0,63.0,14.0,0.0,0.0,1.0,0.0,1.0,0.0,0.0,62.0
2020-05-20,11.0,1.0,0.0,0.0,0.0,0.0,1.0,1.0,66.0,2.0,3.0,12.0,2.0,1.0,50.0,225.0,99.0,2.0,2.0,0.0,1.0,0.0,0.0,1.0,1.0,0.0,1.0,0.0,0.0,1.0,0.0,1.0,1.0,1.0,5.0,0.0,6.0,3.0,0.0,0.0,0.0,4.0,2.0,3.0,3.0,2.0,20.0,1.0,0.0,0.0,1.0,0.0,0.0,0.0,0.0,0.0,0.0,0.0,0.0,2.0,1.0,68.0,16.0,0.0,0.0,1.0,0.0,1.0,0.0,0.0,59.0
2020-05-21,13.0,1.0,0.0,0.0,0.0,0.0,1.0,1.0,76.0,2.0,3.0,13.0,2.0,1.0,54.0,237.0,110.0,2.0,2.0,0.0,1.0,0.0,0.0,1.0,1.0,0.0,1.0,0.0,0.0,0.0,0.0,1.0,1.0,1.0,5.0,1.0,5.0,3.0,0.0,0.0,0.0,5.0,2.0,3.0,4.0,2.0,25.0,1.0,0.0,0.0,1.0,1.0,0.0,0.0,1.0,0.0,0.0,0.0,0.0,2.0,1.0,74.0,19.0,0.0,0.0,1.0,0.0,1.0,0.0,0.0,52.0
2020-05-22,14.0,1.0,1.0,0.0,0.0,0.0,1.0,2.0,85.0,2.0,3.0,14.0,1.0,2.0,55.0,249.0,113.0,2.0,2.0,0.0,1.0,0.0,0.0,1.0,2.0,0.0,1.0,0.0,0.0,0.0,0.0,1.0,1.0,1.0,7.0,1.0,5.0,3.0,0.0,0.0,0.0,5.0,2.0,2.0,5.0,2.0,28.0,0.0,0.0,0.0,1.0,1.0,0.0,0.0,1.0,0.0,0.0,0.0,0.0,1.0,1.0,78.0,20.0,0.0,0.0,1.0,1.0,1.0,0.0,0.0,41.0
2020-05-23,16.0,2.0,1.0,0.0,0.0,0.0,1.0,3.0,90.0,1.0,3.0,14.0,1.0,2.0,56.0,263.0,116.0,1.0,1.0,0.0,1.0,0.0,0.0,1.0,2.0,0.0,1.0,0.0,0.0,0.0,0.0,1.0,2.0,1.0,10.0,2.0,5.0,3.0,0.0,0.0,0.0,5.0,2.0,1.0,5.0,3.0,29.0,0.0,0.0,0.0,1.0,1.0,0.0,0.0,1.0,0.0,0.0,0.0,0.0,2.0,1.0,82.0,22.0,0.0,0.0,1.0,1.0,1.0,0.0,0.0,39.0
2020-05-24,16.0,2.0,1.0,0.0,0.0,0.0,0.0,3.0,86.0,1.0,3.0,13.0,1.0,2.0,53.0,272.0,116.0,2.0,1.0,0.0,1.0,0.0,0.0,1.0,3.0,0.0,1.0,0.0,0.0,0.0,1.0,2.0,2.0,1.0,14.0,2.0,7.0,2.0,0.0,0.0,1.0,6.0,2.0,1.0,6.0,4.0,27.0,0.0,0.0,0.0,1.0,1.0,0.0,0.0,1.0,0.0,0.0,0.0,0.0,2.0,1.0,86.0,23.0,0.0,0.0,1.0,0.0,1.0,1.0,0.0,49.0
2020-05-25,16.0,2.0,2.0,0.0,0.0,0.0,0.0,3.0,79.0,1.0,5.0,11.0,1.0,1.0,49.0,296.0,112.0,2.0,0.0,0.0,1.0,0.0,1.0,1.0,4.0,0.0,1.0,0.0,0.0,0.0,1.0,2.0,3.0,1.0,17.0,2.0,11.0,2.0,0.0,0.0,1.0,7.0,2.0,1.0,5.0,4.0,24.0,0.0,0.0,0.0,2.0,1.0,0.0,0.0,0.0,0.0,0.0,0.0,1.0,3.0,2.0,92.0,24.0,0.0,0.0,1.0,0.0,2.0,1.0,0.0,59.0
2020-05-26,16.0,1.0,2.0,0.0,0.0,0.0,0.0,3.0,75.0,1.0,6.0,9.0,1.0,1.0,43.0,335.0,116.0,2.0,0.0,0.0,1.0,0.0,1.0,1.0,6.0,0.0,1.0,0.0,0.0,1.0,2.0,3.0,3.0,1.0,20.0,2.0,14.0,2.0,0.0,0.0,1.0,8.0,2.0,1.0,4.0,4.0,25.0,0.0,0.0,0.0,2.0,1.0,0.0,0.0,0.0,0.0,0.0,0.0,1.0,3.0,2.0,97.0,24.0,0.0,0.0,1.0,0.0,2.0,1.0,0.0,71.0
2020-05-27,16.0,1.0,3.0,0.0,0.0,0.0,0.0,2.0,79.0,1.0,8.0,9.0,1.0,1.0,44.0,383.0,123.0,2.0,0.0,0.0,1.0,0.0,1.0,1.0,11.0,0.0,1.0,0.0,0.0,1.0,2.0,3.0,3.0,1.0,21.0,1.0,16.0,1.0,0.0,0.0,1.0,9.0,3.0,1.0,4.0,3.0,28.0,0.0,0.0,0.0,2.0,1.0,0.0,0.0,0.0,0.0,0.0,0.0,1.0,2.0,2.0,105.0,31.0,0.0,0.0,1.0,0.0,2.0,1.0,0.0,75.0
2020-05-28,16.0,1.0,4.0,0.0,0.0,0.0,0.0,1.0,90.0,1.0,8.0,9.0,2.0,1.0,46.0,430.0,132.0,3.0,0.0,0.0,1.0,0.0,0.0,1.0,17.0,0.0,2.0,0.0,0.0,1.0,2.0,3.0,3.0,1.0,21.0,1.0,16.0,1.0,0.0,0.0,1.0,9.0,3.0,1.0,3.0,3.0,34.0,0.0,0.0,0.0,2.0,1.0,0.0,0.0,0.0,0.0,0.0,0.0,1.0,2.0,2.0,107.0,37.0,0.0,0.0,1.0,0.0,2.0,0.0,0.0,66.0
2020-05-29,16.0,0.0,5.0,0.0,0.0,0.0,0.0,1.0,107.0,2.0,8.0,10.0,2.0,1.0,53.0,458.0,144.0,4.0,0.0,0.0,1.0,0.0,0.0,1.0,23.0,0.0,3.0,1.0,1.0,1.0,2.0,3.0,3.0,1.0,20.0,1.0,14.0,1.0,0.0,0.0,1.0,10.0,3.0,1.0,3.0,3.0,43.0,0.0,0.0,0.0,1.0,1.0,0.0,0.0,0.0,0.0,1.0,0.0,1.0,2.0,2.0,107.0,42.0,0.0,0.0,1.0,0.0,2.0,0.0,0.0,52.0
2020-05-30,15.0,0.0,6.0,0.0,0.0,0.0,0.0,0.0,122.0,3.0,7.0,14.0,3.0,1.0,61.0,452.0,142.0,4.0,0.0,0.0,1.0,0.0,0.0,1.0,27.0,1.0,3.0,1.0,1.0,1.0,2.0,2.0,2.0,2.0,18.0,1.0,15.0,1.0,0.0,0.0,1.0,11.0,3.0,0.0,3.0,3.0,50.0,0.0,0.0,0.0,1.0,1.0,0.0,1.0,1.0,0.0,1.0,0.0,1.0,1.0,1.0,100.0,44.0,0.0,0.0,1.0,1.0,2.0,0.0,0.0,36.0
2020-05-31,15.0,0.0,6.0,0.0,0.0,1.0,0.0,2.0,135.0,4.0,6.0,17.0,3.0,2.0,69.0,441.0,137.0,4.0,0.0,0.0,2.0,0.0,0.0,1.0,28.0,1.0,5.0,0.0,1.0,1.0,2.0,2.0,2.0,3.0,17.0,2.0,15.0,0.0,0.0,0.0,1.0,12.0,4.0,0.0,4.0,3.0,53.0,0.0,0.0,0.0,1.0,0.0,0.0,1.0,1.0,0.0,2.0,1.0,3.0,1.0,1.0,97.0,42.0,0.0,0.0,1.0,1.0,3.0,0.0,0.0,19.0
2020-06-01,15.0,0.0,5.0,0.0,0.0,1.0,0.0,4.0,152.0,5.0,7.0,21.0,4.0,3.0,79.0,431.0,131.0,4.0,0.0,0.0,3.0,0.0,0.0,1.0,30.0,1.0,6.0,1.0,1.0,0.0,2.0,1.0,2.0,4.0,16.0,2.0,18.0,0.0,0.0,0.0,1.0,13.0,5.0,0.0,6.0,4.0,49.0,0.0,0.0,0.0,2.0,0.0,1.0,1.0,2.0,1.0,3.0,1.0,5.0,1.0,0.0,93.0,37.0,0.0,0.0,2.0,1.0,4.0,0.0,0.0,13.0
2020-06-02,15.0,0.0,5.0,0.0,0.0,1.0,1.0,5.0,168.0,7.0,8.0,25.0,5.0,5.0,88.0,428.0,129.0,3.0,0.0,0.0,3.0,0.0,0.0,1.0,29.0,1.0,7.0,1.0,2.0,1.0,3.0,1.0,2.0,5.0,15.0,3.0,24.0,0.0,0.0,0.0,1.0,13.0,5.0,1.0,8.0,5.0,40.0,0.0,0.0,0.0,2.0,1.0,1.0,2.0,3.0,1.0,3.0,1.0,7.0,1.0,0.0,94.0,36.0,0.0,0.0,2.0,1.0,4.0,0.0,0.0,10.0
2020-06-03,15.0,0.0,5.0,0.0,0.0,1.0,1.0,7.0,181.0,7.0,10.0,28.0,5.0,6.0,95.0,437.0,131.0,2.0,0.0,0.0,4.0,1.0,0.0,1.0,27.0,0.0,8.0,1.0,2.0,1.0,3.0,1.0,3.0,5.0,16.0,3.0,26.0,0.0,0.0,0.0,1.0,13.0,5.0,1.0,11.0,6.0,32.0,0.0,0.0,0.0,2.0,1.0,1.0,2.0,5.0,1.0,3.0,2.0,10.0,1.0,0.0,97.0,32.0,0.0,0.0,2.0,0.0,4.0,0.0,0.0,9.0
2020-06-04,15.0,0.0,5.0,0.0,0.0,1.0,1.0,9.0,195.0,7.0,13.0,29.0,6.0,8.0,100.0,437.0,134.0,1.0,0.0,0.0,4.0,1.0,0.0,2.0,24.0,0.0,8.0,1.0,2.0,2.0,3.0,1.0,3.0,4.0,16.0,3.0,27.0,0.0,0.0,0.0,1.0,12.0,5.0,1.0,15.0,6.0,25.0,1.0,0.0,0.0,1.0,1.0,1.0,2.0,6.0,1.0,3.0,1.0,13.0,0.0,1.0,98.0,34.0,0.0,0.0,2.0,0.0,3.0,0.0,0.0,11.0
2020-06-05,16.0,0.0,6.0,0.0,0.0,1.0,2.0,9.0,198.0,7.0,15.0,27.0,6.0,8.0,100.0,427.0,132.0,1.0,0.0,0.0,4.0,1.0,0.0,3.0,21.0,0.0,8.0,1.0,2.0,2.0,2.0,1.0,3.0,3.0,17.0,3.0,28.0,1.0,0.0,0.0,1.0,11.0,4.0,1.0,20.0,6.0,20.0,1.0,0.0,0.0,1.0,1.0,1.0,3.0,6.0,1.0,2.0,1.0,14.0,1.0,1.0,102.0,36.0,0.0,0.0,2.0,0.0,2.0,0.0,0.0,14.0
2020-06-06,17.0,0.0,7.0,0.0,0.0,1.0,2.0,9.0,197.0,7.0,15.0,23.0,5.0,7.0,95.0,411.0,127.0,1.0,0.0,0.0,3.0,1.0,0.0,3.0,16.0,0.0,7.0,1.0,2.0,2.0,2.0,1.0,3.0,2.0,18.0,3.0,25.0,1.0,0.0,0.0,2.0,10.0,4.0,2.0,22.0,6.0,20.0,1.0,0.0,0.0,0.0,2.0,1.0,3.0,7.0,1.0,1.0,1.0,14.0,1.0,1.0,105.0,35.0,0.0,0.0,2.0,0.0,1.0,0.0,0.0,15.0
2020-06-07,20.0,1.0,7.0,0.0,0.0,2.0,2.0,8.0,196.0,7.0,15.0,21.0,5.0,6.0,91.0,397.0,119.0,1.0,0.0,0.0,3.0,1.0,0.0,3.0,12.0,0.0,5.0,1.0,2.0,2.0,1.0,1.0,3.0,1.0,19.0,3.0,29.0,1.0,0.0,0.0,2.0,9.0,5.0,2.0,23.0,5.0,30.0,2.0,0.0,0.0,0.0,2.0,1.0,3.0,6.0,1.0,0.0,1.0,14.0,1.0,1.0,107.0,33.0,0.0,0.0,2.0,0.0,1.0,0.0,0.0,17.0
2020-06-08,24.0,1.0,7.0,0.0,0.0,2.0,2.0,7.0,202.0,7.0,13.0,20.0,5.0,4.0,88.0,393.0,121.0,1.0,0.0,0.0,2.0,1.0,0.0,3.0,9.0,0.0,4.0,0.0,2.0,1.0,1.0,1.0,3.0,2.0,20.0,3.0,30.0,1.0,0.0,0.0,1.0,9.0,7.0,3.0,22.0,5.0,40.0,2.0,0.0,0.0,0.0,2.0,1.0,3.0,6.0,1.0,0.0,1.0,14.0,2.0,1.0,122.0,35.0,1.0,0.0,2.0,0.0,2.0,0.0,0.0,18.0
2020-06-09,28.0,0.0,6.0,0.0,0.0,1.0,2.0,5.0,219.0,7.0,13.0,22.0,7.0,4.0,90.0,401.0,120.0,1.0,0.0,0.0,2.0,1.0,0.0,2.0,8.0,0.0,3.0,0.0,2.0,1.0,1.0,1.0,2.0,2.0,20.0,3.0,30.0,1.0,0.0,0.0,1.0,8.0,8.0,4.0,19.0,4.0,47.0,1.0,0.0,0.0,0.0,2.0,1.0,3.0,5.0,2.0,0.0,1.0,14.0,3.0,1.0,130.0,34.0,1.0,0.0,2.0,0.0,3.0,0.0,0.0,17.0
2020-06-10,30.0,0.0,6.0,0.0,0.0,1.0,3.0,3.0,249.0,9.0,15.0,23.0,9.0,5.0,96.0,419.0,125.0,1.0,0.0,0.0,2.0,1.0,0.0,2.0,7.0,1.0,3.0,0.0,1.0,1.0,1.0,1.0,2.0,2.0,19.0,3.0,36.0,0.0,0.0,0.0,1.0,8.0,9.0,4.0,16.0,4.0,48.0,1.0,0.0,0.0,0.0,2.0,1.0,2.0,5.0,2.0,0.0,1.0,14.0,4.0,3.0,146.0,37.0,1.0,0.0,2.0,0.0,3.0,0.0,0.0,17.0
2020-06-11,30.0,0.0,5.0,0.0,0.0,1.0,3.0,2.0,300.0,10.0,20.0,28.0,12.0,6.0,108.0,449.0,129.0,1.0,0.0,0.0,2.0,1.0,0.0,2.0,6.0,1.0,3.0,1.0,2.0,0.0,1.0,1.0,1.0,3.0,19.0,3.0,36.0,0.0,0.0,0.0,2.0,9.0,10.0,4.0,12.0,3.0,43.0,1.0,0.0,0.0,0.0,3.0,1.0,2.0,5.0,2.0,0.0,1.0,14.0,5.0,4.0,152.0,38.0,2.0,0.0,2.0,0.0,4.0,0.0,0.0,16.0
2020-06-12,30.0,1.0,5.0,0.0,0.0,1.0,4.0,3.0,351.0,11.0,25.0,32.0,14.0,7.0,120.0,470.0,129.0,1.0,0.0,1.0,2.0,1.0,0.0,1.0,5.0,1.0,4.0,1.0,3.0,0.0,1.0,1.0,1.0,3.0,17.0,2.0,35.0,0.0,0.0,0.0,3.0,9.0,11.0,4.0,9.0,2.0,32.0,1.0,0.0,0.0,0.0,3.0,1.0,2.0,6.0,2.0,0.0,1.0,15.0,6.0,6.0,153.0,36.0,1.0,0.0,2.0,0.0,3.0,0.0,0.0,13.0
2020-06-13,30.0,1.0,5.0,0.0,0.0,1.0,5.0,4.0,388.0,13.0,30.0,36.0,15.0,8.0,129.0,515.0,129.0,1.0,0.0,1.0,2.0,1.0,0.0,1.0,5.0,1.0,4.0,1.0,4.0,0.0,1.0,1.0,0.0,3.0,17.0,2.0,40.0,1.0,0.0,0.0,3.0,10.0,11.0,3.0,7.0,2.0,22.0,2.0,0.0,0.0,1.0,2.0,1.0,2.0,6.0,2.0,0.0,1.0,16.0,6.0,7.0,150.0,38.0,1.0,0.0,2.0,1.0,3.0,0.0,0.0,12.0
2020-06-14,32.0,1.0,6.0,0.0,0.0,2.0,6.0,4.0,414.0,15.0,33.0,39.0,15.0,8.0,137.0,517.0,128.0,1.0,0.0,1.0,2.0,1.0,0.0,2.0,5.0,1.0,4.0,1.0,4.0,0.0,1.0,1.0,0.0,3.0,16.0,2.0,40.0,1.0,0.0,1.0,4.0,11.0,11.0,3.0,6.0,2.0,12.0,2.0,0.0,0.0,1.0,2.0,1.0,3.0,8.0,2.0,0.0,1.0,16.0,5.0,10.0,147.0,37.0,1.0,0.0,2.0,1.0,2.0,0.0,0.0,10.0
2020-06-15,35.0,3.0,6.0,0.0,0.0,2.0,6.0,3.0,426.0,17.0,32.0,41.0,14.0,8.0,143.0,534.0,131.0,1.0,0.0,1.0,2.0,1.0,0.0,2.0,6.0,1.0,6.0,1.0,5.0,0.0,1.0,1.0,1.0,4.0,16.0,2.0,46.0,1.0,0.0,1.0,4.0,14.0,12.0,3.0,5.0,3.0,17.0,3.0,0.0,0.0,1.0,3.0,1.0,4.0,8.0,2.0,1.0,1.0,22.0,4.0,14.0,146.0,36.0,1.0,0.0,2.0,1.0,2.0,0.0,0.0,9.0
2020-06-16,43.0,4.0,6.0,0.0,0.0,2.0,6.0,3.0,428.0,19.0,28.0,42.0,13.0,9.0,150.0,573.0,155.0,2.0,1.0,1.0,2.0,1.0,0.0,2.0,7.0,1.0,8.0,1.0,5.0,0.0,2.0,0.0,1.0,4.0,18.0,2.0,49.0,2.0,0.0,1.0,4.0,17.0,13.0,4.0,6.0,5.0,22.0,4.0,1.0,0.0,2.0,4.0,2.0,5.0,8.0,2.0,1.0,1.0,27.0,4.0,18.0,157.0,37.0,2.0,0.0,2.0,1.0,3.0,1.0,0.0,8.0
2020-06-17,50.0,5.0,6.0,0.0,0.0,2.0,6.0,2.0,431.0,19.0,25.0,39.0,13.0,10.0,163.0,614.0,177.0,2.0,1.0,2.0,2.0,1.0,0.0,3.0,10.0,1.0,10.0,1.0,6.0,0.0,3.0,0.0,1.0,4.0,20.0,2.0,46.0,2.0,0.0,1.0,4.0,19.0,14.0,5.0,6.0,7.0,25.0,5.0,1.0,1.0,3.0,6.0,4.0,6.0,7.0,3.0,1.0,1.0,34.0,4.0,20.0,162.0,35.0,2.0,1.0,3.0,1.0,3.0,1.0,0.0,7.0
2020-06-18,56.0,6.0,7.0,0.0,0.0,2.0,6.0,2.0,433.0,20.0,21.0,34.0,14.0,11.0,172.0,683.0,204.0,3.0,1.0,2.0,2.0,1.0,0.0,4.0,13.0,2.0,12.0,1.0,6.0,0.0,3.0,0.0,1.0,5.0,21.0,2.0,43.0,2.0,0.0,2.0,5.0,23.0,15.0,8.0,8.0,9.0,28.0,7.0,2.0,2.0,3.0,7.0,5.0,7.0,10.0,3.0,1.0,1.0,39.0,5.0,24.0,174.0,33.0,2.0,1.0,3.0,1.0,3.0,1.0,0.0,6.0
2020-06-19,58.0,5.0,7.0,1.0,0.0,2.0,7.0,3.0,444.0,20.0,22.0,32.0,15.0,11.0,186.0,785.0,231.0,3.0,1.0,3.0,2.0,1.0,0.0,4.0,16.0,2.0,12.0,1.0,6.0,1.0,3.0,0.0,1.0,5.0,22.0,3.0,38.0,3.0,0.0,2.0,6.0,25.0,16.0,9.0,13.0,10.0,27.0,9.0,2.0,3.0,3.0,7.0,5.0,6.0,13.0,4.0,1.0,1.0,42.0,5.0,30.0,172.0,30.0,2.0,1.0,3.0,1.0,3.0,2.0,0.0,6.0
2020-06-20,58.0,4.0,8.0,1.0,0.0,2.0,8.0,4.0,454.0,19.0,22.0,32.0,16.0,13.0,200.0,883.0,240.0,3.0,2.0,3.0,3.0,1.0,0.0,5.0,17.0,2.0,11.0,1.0,5.0,1.0,2.0,0.0,1.0,5.0,25.0,4.0,28.0,3.0,0.0,3.0,6.0,26.0,15.0,11.0,17.0,10.0,23.0,9.0,2.0,3.0,2.0,6.0,5.0,6.0,17.0,4.0,2.0,1.0,42.0,5.0,34.0,172.0,27.0,2.0,1.0,3.0,1.0,3.0,2.0,0.0,6.0
2020-06-21,58.0,3.0,8.0,1.0,0.0,2.0,9.0,5.0,462.0,25.0,25.0,33.0,18.0,14.0,213.0,928.0,241.0,4.0,2.0,2.0,4.0,1.0,0.0,5.0,17.0,2.0,10.0,2.0,5.0,1.0,2.0,0.0,1.0,4.0,29.0,5.0,28.0,3.0,0.0,3.0,7.0,28.0,14.0,13.0,22.0,10.0,19.0,9.0,2.0,2.0,2.0,6.0,5.0,5.0,18.0,4.0,1.0,2.0,44.0,5.0,36.0,178.0,28.0,2.0,1.0,3.0,3.0,3.0,2.0,0.0,6.0
2020-06-22,58.0,3.0,9.0,1.0,0.0,2.0,9.0,4.0,459.0,31.0,29.0,35.0,18.0,15.0,223.0,949.0,243.0,3.0,2.0,2.0,4.0,1.0,0.0,6.0,15.0,3.0,8.0,2.0,4.0,1.0,2.0,1.0,2.0,5.0,34.0,6.0,28.0,3.0,0.0,4.0,8.0,30.0,13.0,14.0,26.0,9.0,15.0,8.0,2.0,2.0,1.0,5.0,4.0,5.0,16.0,4.0,1.0,2.0,49.0,4.0,35.0,192.0,28.0,3.0,0.0,4.0,5.0,3.0,2.0,0.0,6.0
2020-06-23,67.0,4.0,10.0,1.0,1.0,2.0,9.0,3.0,496.0,37.0,31.0,39.0,20.0,16.0,245.0,938.0,250.0,3.0,2.0,1.0,4.0,0.0,0.0,7.0,16.0,3.0,9.0,3.0,5.0,1.0,2.0,1.0,1.0,6.0,40.0,7.0,34.0,3.0,0.0,4.0,9.0,37.0,16.0,14.0,31.0,9.0,15.0,6.0,2.0,1.0,2.0,5.0,5.0,7.0,12.0,4.0,1.0,1.0,58.0,5.0,31.0,222.0,27.0,3.0,0.0,5.0,6.0,3.0,2.0,0.0,7.0
2020-06-24,80.0,4.0,11.0,1.0,1.0,3.0,10.0,2.0,526.0,41.0,31.0,41.0,20.0,16.0,258.0,1023.0,264.0,3.0,2.0,1.0,3.0,0.0,0.0,7.0,18.0,3.0,11.0,4.0,7.0,1.0,3.0,1.0,1.0,7.0,43.0,8.0,42.0,2.0,0.0,4.0,10.0,43.0,19.0,14.0,34.0,9.0,16.0,6.0,2.0,0.0,2.0,6.0,5.0,8.0,9.0,5.0,2.0,1.0,64.0,5.0,24.0,245.0,27.0,4.0,0.0,6.0,7.0,3.0,2.0,0.0,7.0
2020-06-25,96.0,6.0,12.0,1.0,1.0,3.0,12.0,1.0,558.0,39.0,28.0,41.0,20.0,15.0,272.0,1135.0,274.0,3.0,1.0,2.0,3.0,0.0,1.0,7.0,21.0,3.0,15.0,5.0,8.0,1.0,3.0,1.0,1.0,8.0,45.0,8.0,47.0,2.0,0.0,5.0,14.0,49.0,23.0,14.0,35.0,8.0,16.0,7.0,2.0,0.0,2.0,6.0,5.0,9.0,5.0,6.0,2.0,1.0,71.0,5.0,18.0,253.0,25.0,4.0,0.0,6.0,11.0,2.0,1.0,0.0,7.0
2020-06-26,108.0,7.0,12.0,1.0,1.0,3.0,15.0,1.0,570.0,33.0,26.0,41.0,22.0,14.0,267.0,1177.0,271.0,3.0,1.0,2.0,2.0,1.0,1.0,7.0,23.0,2.0,20.0,6.0,10.0,2.0,2.0,1.0,1.0,10.0,43.0,7.0,49.0,2.0,0.0,6.0,20.0,53.0,25.0,13.0,37.0,8.0,16.0,7.0,2.0,1.0,2.0,6.0,5.0,9.0,8.0,7.0,2.0,1.0,70.0,5.0,22.0,249.0,23.0,4.0,0.0,6.0,14.0,2.0,1.0,0.0,10.0
2020-06-27,115.0,7.0,13.0,1.0,1.0,3.0,16.0,1.0,550.0,26.0,23.0,39.0,23.0,12.0,245.0,1168.0,253.0,2.0,1.0,2.0,2.0,1.0,2.0,6.0,23.0,2.0,26.0,6.0,11.0,2.0,2.0,1.0,1.0,9.0,37.0,6.0,48.0,1.0,0.0,8.0,26.0,54.0,26.0,12.0,36.0,8.0,14.0,7.0,1.0,1.0,1.0,5.0,4.0,8.0,9.0,8.0,2.0,1.0,68.0,4.0,30.0,221.0,21.0,4.0,0.0,5.0,16.0,2.0,1.0,0.0,11.0
2020-06-28,119.0,7.0,14.0,1.0,1.0,4.0,18.0,2.0,515.0,17.0,20.0,42.0,24.0,11.0,222.0,1148.0,231.0,2.0,1.0,2.0,2.0,1.0,2.0,7.0,21.0,1.0,29.0,6.0,11.0,2.0,2.0,0.0,1.0,9.0,33.0,5.0,49.0,2.0,0.0,9.0,30.0,52.0,25.0,13.0,34.0,7.0,12.0,6.0,1.0,1.0,1.0,4.0,3.0,8.0,10.0,7.0,3.0,2.0,69.0,4.0,40.0,209.0,21.0,4.0,0.0,4.0,16.0,2.0,0.0,0.0,14.0
2020-06-29,126.0,7.0,16.0,1.0,1.0,4.0,19.0,2.0,499.0,15.0,20.0,44.0,25.0,10.0,206.0,1054.0,209.0,2.0,1.0,2.0,2.0,1.0,2.0,9.0,18.0,1.0,32.0,6.0,11.0,3.0,4.0,1.0,1.0,9.0,33.0,4.0,52.0,2.0,0.0,10.0,32.0,53.0,24.0,15.0,32.0,8.0,9.0,5.0,1.0,1.0,1.0,4.0,3.0,8.0,12.0,6.0,2.0,2.0,73.0,3.0,45.0,213.0,24.0,4.0,1.0,5.0,16.0,2.0,0.0,1.0,14.0
2020-06-30,134.0,9.0,18.0,2.0,1.0,5.0,19.0,3.0,478.0,15.0,20.0,45.0,24.0,10.0,192.0,1048.0,200.0,2.0,2.0,3.0,2.0,1.0,2.0,11.0,16.0,1.0,32.0,6.0,10.0,3.0,5.0,1.0,2.0,8.0,35.0,4.0,53.0,2.0,0.0,10.0,31.0,52.0,22.0,16.0,31.0,9.0,8.0,4.0,0.0,1.0,1.0,5.0,3.0,9.0,12.0,6.0,2.0,2.0,80.0,3.0,46.0,230.0,26.0,4.0,1.0,5.0,13.0,3.0,0.0,1.0,12.0
2020-07-01,156.0,12.0,20.0,2.0,1.0,6.0,20.0,4.0,508.0,15.0,19.0,44.0,23.0,11.0,200.0,1075.0,212.0,2.0,3.0,3.0,2.0,0.0,2.0,13.0,19.0,1.0,32.0,7.0,11.0,3.0,7.0,1.0,2.0,8.0,43.0,4.0,55.0,2.0,0.0,11.0,29.0,56.0,21.0,18.0,32.0,10.0,6.0,4.0,0.0,1.0,1.0,7.0,4.0,11.0,16.0,6.0,2.0,3.0,92.0,3.0,42.0,270.0,28.0,4.0,1.0,7.0,11.0,3.0,1.0,1.0,10.0
2020-07-02,174.0,17.0,22.0,2.0,2.0,7.0,20.0,6.0,534.0,16.0,19.0,41.0,20.0,12.0,208.0,1175.0,232.0,3.0,4.0,3.0,2.0,0.0,3.0,14.0,24.0,2.0,32.0,7.0,11.0,3.0,8.0,2.0,2.0,8.0,51.0,4.0,54.0,2.0,0.0,11.0,27.0,56.0,19.0,18.0,36.0,12.0,7.0,6.0,1.0,1.0,1.0,8.0,5.0,12.0,20.0,6.0,2.0,4.0,100.0,3.0,36.0,290.0,29.0,4.0,1.0,8.0,7.0,4.0,1.0,1.0,7.0
2020-07-03,196.0,24.0,22.0,3.0,3.0,7.0,21.0,8.0,551.0,18.0,17.0,35.0,15.0,13.0,211.0,1275.0,253.0,3.0,3.0,2.0,2.0,0.0,3.0,14.0,30.0,2.0,35.0,8.0,10.0,3.0,8.0,2.0,2.0,7.0,57.0,4.0,51.0,2.0,0.0,11.0,27.0,57.0,17.0,18.0,38.0,13.0,8.0,9.0,1.0,1.0,1.0,9.0,5.0,13.0,22.0,7.0,2.0,4.0,106.0,4.0,28.0,290.0,26.0,4.0,1.0,10.0,6.0,4.0,1.0,1.0,4.0
2020-07-04,215.0,28.0,23.0,3.0,5.0,8.0,23.0,9.0,576.0,23.0,17.0,31.0,13.0,13.0,215.0,1311.0,273.0,4.0,3.0,2.0,2.0,0.0,3.0,14.0,33.0,2.0,41.0,9.0,11.0,3.0,7.0,2.0,2.0,8.0,58.0,4.0,47.0,2.0,0.0,10.0,30.0,59.0,17.0,18.0,43.0,14.0,9.0,12.0,1.0,1.0,1.0,9.0,4.0,12.0,23.0,8.0,3.0,4.0,108.0,4.0,25.0,286.0,22.0,4.0,1.0,10.0,5.0,5.0,1.0,1.0,4.0
2020-07-05,231.0,32.0,24.0,3.0,6.0,8.0,24.0,10.0,573.0,29.0,18.0,28.0,14.0,15.0,210.0,1317.0,286.0,3.0,3.0,1.0,1.0,0.0,4.0,13.0,31.0,2.0,49.0,10.0,11.0,3.0,7.0,2.0,2.0,8.0,57.0,4.0,40.0,2.0,0.0,10.0,34.0,62.0,17.0,18.0,43.0,13.0,10.0,14.0,1.0,1.0,1.0,9.0,4.0,11.0,19.0,9.0,3.0,4.0,109.0,5.0,19.0,272.0,19.0,4.0,0.0,10.0,4.0,5.0,1.0,0.0,4.0
2020-07-06,252.0,34.0,29.0,4.0,7.0,9.0,29.0,11.0,597.0,34.0,19.0,31.0,19.0,19.0,211.0,1365.0,290.0,3.0,2.0,2.0,1.0,0.0,5.0,12.0,28.0,2.0,64.0,11.0,12.0,2.0,9.0,2.0,2.0,10.0,58.0,4.0,36.0,3.0,0.0,11.0,38.0,71.0,22.0,19.0,49.0,12.0,12.0,16.0,1.0,1.0,1.0,12.0,4.0,11.0,14.0,10.0,4.0,4.0,115.0,6.0,24.0,286.0,20.0,4.0,0.0,10.0,4.0,5.0,1.0,0.0,5.0
2020-07-07,282.0,35.0,35.0,5.0,7.0,11.0,33.0,11.0,649.0,37.0,23.0,35.0,26.0,25.0,225.0,1507.0,294.0,3.0,2.0,2.0,2.0,1.0,5.0,14.0,23.0,1.0,80.0,13.0,12.0,2.0,11.0,2.0,2.0,13.0,62.0,5.0,32.0,3.0,0.0,14.0,41.0,86.0,27.0,23.0,57.0,10.0,12.0,18.0,2.0,2.0,2.0,14.0,4.0,12.0,12.0,11.0,5.0,4.0,123.0,8.0,32.0,320.0,24.0,5.0,0.0,9.0,8.0,5.0,2.0,1.0,6.0
2020-07-08,315.0,37.0,43.0,5.0,7.0,13.0,37.0,12.0,714.0,37.0,29.0,41.0,36.0,29.0,241.0,1716.0,298.0,3.0,2.0,3.0,2.0,1.0,6.0,15.0,20.0,1.0,90.0,14.0,11.0,2.0,14.0,2.0,2.0,17.0,67.0,8.0,27.0,4.0,0.0,17.0,40.0,99.0,33.0,29.0,67.0,10.0,12.0,22.0,3.0,2.0,2.0,16.0,5.0,14.0,9.0,12.0,5.0,4.0,130.0,10.0,42.0,348.0,27.0,5.0,1.0,9.0,12.0,6.0,2.0,1.0,6.0
2020-07-09,340.0,37.0,48.0,6.0,7.0,15.0,41.0,13.0,779.0,33.0,31.0,43.0,42.0,33.0,257.0,1933.0,305.0,3.0,2.0,3.0,3.0,1.0,7.0,17.0,20.0,2.0,98.0,16.0,11.0,2.0,16.0,3.0,2.0,19.0,74.0,9.0,25.0,5.0,1.0,20.0,38.0,106.0,35.0,33.0,75.0,11.0,11.0,25.0,4.0,3.0,2.0,17.0,5.0,17.0,10.0,11.0,6.0,4.0,133.0,12.0,48.0,370.0,28.0,5.0,1.0,9.0,15.0,5.0,2.0,2.0,6.0
2020-07-10,374.0,35.0,54.0,7.0,8.0,18.0,45.0,13.0,834.0,33.0,36.0,47.0,44.0,36.0,276.0,2098.0,321.0,4.0,3.0,3.0,3.0,1.0,9.0,20.0,22.0,3.0,103.0,15.0,10.0,2.0,16.0,3.0,2.0,21.0,84.0,10.0,26.0,6.0,1.0,22.0,35.0,109.0,35.0,37.0,84.0,12.0,9.0,28.0,5.0,4.0,3.0,17.0,6.0,21.0,12.0,12.0,6.0,4.0,139.0,14.0,46.0,380.0,30.0,5.0,1.0,9.0,15.0,6.0,3.0,4.0,5.0
2020-07-11,424.0,35.0,59.0,8.0,9.0,22.0,56.0,13.0,842.0,43.0,37.0,48.0,44.0,40.0,279.0,2159.0,337.0,4.0,3.0,3.0,3.0,1.0,10.0,21.0,27.0,4.0,109.0,16.0,10.0,2.0,15.0,3.0,3.0,23.0,95.0,10.0,30.0,6.0,1.0,25.0,36.0,107.0,30.0,41.0,85.0,13.0,8.0,31.0,5.0,4.0,3.0,17.0,6.0,27.0,13.0,13.0,6.0,5.0,145.0,15.0,39.0,392.0,29.0,6.0,2.0,11.0,14.0,6.0,3.0,5.0,4.0
2020-07-12,478.0,33.0,64.0,8.0,11.0,25.0,68.0,12.0,839.0,57.0,36.0,47.0,39.0,45.0,277.0,2176.0,343.0,4.0,3.0,2.0,3.0,1.0,13.0,22.0,31.0,5.0,119.0,16.0,11.0,2.0,14.0,3.0,3.0,24.0,101.0,9.0,34.0,5.0,1.0,28.0,38.0,106.0,26.0,44.0,90.0,14.0,8.0,32.0,5.0,4.0,3.0,19.0,7.0,32.0,15.0,15.0,7.0,6.0,152.0,18.0,29.0,400.0,27.0,6.0,2.0,14.0,11.0,6.0,3.0,6.0,4.0
2020-07-13,542.0,31.0,69.0,9.0,11.0,30.0,81.0,11.0,785.0,70.0,34.0,47.0,35.0,50.0,263.0,2218.0,348.0,5.0,3.0,2.0,3.0,1.0,17.0,23.0,36.0,5.0,133.0,18.0,12.0,2.0,12.0,3.0,3.0,22.0,104.0,8.0,36.0,5.0,1.0,29.0,41.0,108.0,23.0,46.0,92.0,15.0,8.0,32.0,4.0,3.0,3.0,22.0,8.0,38.0,18.0,18.0,8.0,7.0,159.0,20.0,19.0,403.0,25.0,7.0,2.0,16.0,7.0,6.0,4.0,6.0,4.0
2020-07-14,581.0,31.0,72.0,9.0,10.0,33.0,90.0,11.0,707.0,76.0,29.0,43.0,32.0,53.0,234.0,2097.0,330.0,6.0,3.0,2.0,5.0,1.0,22.0,21.0,38.0,4.0,150.0,19.0,12.0,2.0,12.0,3.0,3.0,20.0,101.0,7.0,36.0,4.0,1.0,31.0,42.0,109.0,25.0,47.0,93.0,15.0,9.0,32.0,4.0,3.0,2.0,25.0,9.0,41.0,19.0,20.0,9.0,8.0,164.0,22.0,17.0,403.0,22.0,7.0,2.0,17.0,5.0,6.0,4.0,5.0,4.0
2020-07-15,591.0,35.0,73.0,9.0,9.0,35.0,91.0,11.0,615.0,73.0,24.0,38.0,27.0,51.0,203.0,2026.0,299.0,7.0,4.0,2.0,7.0,2.0,32.0,21.0,44.0,4.0,160.0,22.0,12.0,3.0,11.0,3.0,3.0,18.0,94.0,8.0,33.0,5.0,1.0,32.0,40.0,115.0,31.0,46.0,103.0,16.0,8.0,33.0,4.0,3.0,2.0,27.0,10.0,43.0,19.0,22.0,9.0,9.0,162.0,24.0,20.0,389.0,19.0,7.0,2.0,16.0,4.0,6.0,4.0,5.0,4.0
2020-07-16,594.0,39.0,76.0,8.0,8.0,38.0,84.0,13.0,532.0,62.0,22.0,34.0,26.0,46.0,174.0,2061.0,264.0,7.0,3.0,2.0,8.0,4.0,44.0,20.0,52.0,3.0,159.0,23.0,9.0,4.0,11.0,3.0,3.0,16.0,85.0,9.0,31.0,6.0,2.0,31.0,36.0,118.0,36.0,43.0,117.0,15.0,7.0,33.0,4.0,4.0,2.0,25.0,9.0,42.0,18.0,23.0,9.0,9.0,154.0,24.0,21.0,361.0,15.0,6.0,2.0,14.0,4.0,5.0,5.0,5.0,3.0
2020-07-17,549.0,42.0,75.0,8.0,8.0,38.0,73.0,15.0,438.0,46.0,18.0,29.0,22.0,40.0,142.0,2233.0,224.0,7.0,3.0,2.0,9.0,5.0,54.0,18.0,55.0,3.0,150.0,23.0,7.0,4.0,11.0,3.0,2.0,14.0,74.0,10.0,26.0,7.0,2.0,30.0,30.0,115.0,37.0,38.0,130.0,14.0,6.0,34.0,4.0,4.0,2.0,21.0,8.0,39.0,14.0,21.0,9.0,8.0,134.0,22.0,19.0,324.0,13.0,4.0,1.0,12.0,4.0,5.0,5.0,5.0,2.0
2020-07-18,547.0,47.0,81.0,8.0,9.0,39.0,62.0,18.0,391.0,31.0,19.0,25.0,19.0,34.0,129.0,2534.0,197.0,6.0,3.0,2.0,9.0,6.0,59.0,20.0,57.0,3.0,146.0,20.0,5.0,4.0,10.0,2.0,1.0,13.0,72.0,10.0,24.0,8.0,2.0,27.0,24.0,119.0,34.0,32.0,146.0,14.0,5.0,37.0,5.0,4.0,2.0,17.0,7.0,35.0,12.0,19.0,7.0,7.0,116.0,19.0,16.0,316.0,15.0,4.0,2.0,13.0,5.0,6.0,6.0,6.0,2.0
2020-07-19,604.0,53.0,90.0,9.0,11.0,43.0,58.0,24.0,371.0,26.0,19.0,25.0,18.0,30.0,126.0,2950.0,191.0,6.0,2.0,2.0,11.0,6.0,55.0,23.0,62.0,3.0,153.0,18.0,6.0,7.0,12.0,2.0,1.0,14.0,79.0,11.0,23.0,10.0,2.0,25.0,21.0,122.0,29.0,34.0,162.0,17.0,5.0,51.0,6.0,5.0,2.0,18.0,8.0,36.0,12.0,19.0,7.0,6.0,110.0,17.0,12.0,372.0,20.0,3.0,2.0,17.0,5.0,7.0,7.0,9.0,2.0
2020-07-20,689.0,60.0,100.0,10.0,15.0,47.0,54.0,28.0,381.0,25.0,18.0,25.0,18.0,30.0,130.0,3234.0,192.0,6.0,2.0,2.0,14.0,5.0,46.0,27.0,65.0,3.0,167.0,16.0,7.0,9.0,14.0,3.0,1.0,14.0,87.0,11.0,23.0,12.0,1.0,24.0,21.0,121.0,23.0,38.0,172.0,22.0,6.0,69.0,8.0,6.0,3.0,23.0,10.0,39.0,14.0,20.0,7.0,6.0,109.0,19.0,9.0,436.0,24.0,3.0,3.0,22.0,6.0,9.0,7.0,11.0,4.0
2020-07-21,816.0,65.0,111.0,11.0,17.0,52.0,59.0,31.0,413.0,25.0,16.0,27.0,19.0,28.0,141.0,3476.0,209.0,7.0,3.0,2.0,17.0,5.0,41.0,32.0,71.0,4.0,197.0,16.0,10.0,11.0,16.0,3.0,1.0,14.0,95.0,12.0,22.0,15.0,1.0,21.0,22.0,120.0,20.0,50.0,173.0,27.0,7.0,92.0,11.0,7.0,4.0,30.0,12.0,45.0,19.0,24.0,9.0,6.0,114.0,24.0,9.0,506.0,26.0,3.0,3.0,25.0,7.0,10.0,6.0,13.0,6.0
2020-07-22,927.0,66.0,122.0,13.0,20.0,57.0,64.0,31.0,432.0,25.0,14.0,28.0,22.0,28.0,145.0,3391.0,225.0,9.0,4.0,3.0,23.0,3.0,39.0,35.0,77.0,5.0,219.0,16.0,11.0,12.0,19.0,4.0,1.0,13.0,99.0,13.0,21.0,18.0,1.0,21.0,23.0,112.0,17.0,59.0,162.0,29.0,6.0,107.0,12.0,8.0,4.0,37.0,14.0,51.0,27.0,27.0,12.0,8.0,119.0,31.0,10.0,550.0,25.0,4.0,4.0,26.0,7.0,11.0,6.0,13.0,7.0
2020-07-23,999.0,70.0,129.0,14.0,20.0,59.0,75.0,25.0,431.0,27.0,13.0,29.0,24.0,26.0,146.0,2973.0,224.0,10.0,4.0,3.0,27.0,3.0,47.0,35.0,77.0,6.0,239.0,20.0,13.0,12.0,19.0,4.0,2.0,14.0,96.0,14.0,19.0,20.0,2.0,21.0,24.0,111.0,16.0,64.0,150.0,30.0,6.0,114.0,12.0,8.0,5.0,38.0,14.0,55.0,33.0,29.0,13.0,8.0,115.0,45.0,12.0,551.0,22.0,4.0,4.0,25.0,7.0,10.0,5.0,14.0,7.0
2020-07-24,1051.0,70.0,144.0,17.0,19.0,61.0,90.0,20.0,441.0,27.0,13.0,28.0,25.0,26.0,150.0,2634.0,228.0,12.0,5.0,3.0,27.0,2.0,61.0,35.0,85.0,5.0,261.0,25.0,15.0,12.0,20.0,5.0,3.0,13.0,97.0,15.0,18.0,21.0,2.0,24.0,26.0,111.0,15.0,65.0,145.0,28.0,6.0,108.0,11.0,8.0,5.0,37.0,14.0,59.0,38.0,31.0,15.0,9.0,110.0,58.0,13.0,535.0,19.0,5.0,4.0,23.0,8.0,9.0,6.0,13.0,6.0
2020-07-25,1043.0,68.0,153.0,21.0,17.0,61.0,103.0,16.0,423.0,26.0,13.0,26.0,24.0,28.0,149.0,2787.0,225.0,13.0,7.0,3.0,27.0,2.0,74.0,33.0,84.0,5.0,267.0,29.0,15.0,12.0,20.0,6.0,3.0,13.0,96.0,16.0,15.0,20.0,2.0,27.0,26.0,115.0,14.0,67.0,147.0,28.0,6.0,103.0,9.0,8.0,7.0,36.0,13.0,67.0,40.0,34.0,16.0,11.0,100.0,69.0,13.0,488.0,17.0,5.0,4.0,19.0,8.0,8.0,7.0,12.0,4.0
2020-07-26,1023.0,68.0,162.0,26.0,16.0,59.0,113.0,13.0,437.0,27.0,16.0,23.0,22.0,30.0,149.0,3053.0,231.0,15.0,9.0,2.0,25.0,3.0,84.0,35.0,82.0,5.0,271.0,31.0,15.0,11.0,20.0,6.0,3.0,12.0,100.0,16.0,13.0,21.0,3.0,30.0,24.0,129.0,13.0,69.0,152.0,29.0,6.0,95.0,8.0,8.0,9.0,38.0,14.0,74.0,40.0,36.0,16.0,13.0,95.0,72.0,12.0,480.0,15.0,6.0,3.0,18.0,9.0,8.0,8.0,11.0,2.0
2020-07-27,1007.0,70.0,167.0,30.0,15.0,60.0,113.0,18.0,443.0,31.0,18.0,22.0,19.0,34.0,147.0,3554.0,270.0,16.0,12.0,3.0,25.0,5.0,89.0,37.0,83.0,5.0,262.0,32.0,15.0,12.0,22.0,7.0,3.0,12.0,107.0,18.0,12.0,23.0,3.0,30.0,22.0,141.0,13.0,79.0,161.0,32.0,6.0,101.0,7.0,9.0,12.0,43.0,15.0,85.0,38.0,41.0,17.0,16.0,97.0,70.0,12.0,506.0,14.0,7.0,3.0,17.0,9.0,9.0,8.0,12.0,1.0
2020-07-28,1008.0,82.0,170.0,32.0,16.0,65.0,107.0,24.0,435.0,35.0,19.0,19.0,17.0,37.0,138.0,3729.0,294.0,17.0,13.0,4.0,27.0,7.0,94.0,39.0,88.0,6.0,237.0,30.0,13.0,12.0,23.0,7.0,3.0,12.0,114.0,19.0,10.0,25.0,3.0,28.0,19.0,146.0,12.0,87.0,161.0,36.0,5.0,105.0,8.0,10.0,15.0,54.0,19.0,93.0,37.0,45.0,17.0,19.0,96.0,62.0,11.0,547.0,13.0,8.0,3.0,17.0,9.0,11.0,9.0,12.0,1.0
2020-07-29,1032.0,99.0,172.0,32.0,17.0,70.0,100.0,31.0,412.0,35.0,18.0,19.0,15.0,36.0,128.0,3720.0,307.0,17.0,13.0,6.0,27.0,8.0,102.0,41.0,91.0,8.0,219.0,30.0,12.0,12.0,23.0,7.0,3.0,13.0,120.0,20.0,11.0,27.0,3.0,25.0,16.0,159.0,11.0,95.0,145.0,37.0,4.0,112.0,10.0,11.0,16.0,68.0,22.0,99.0,37.0,49.0,19.0,21.0,96.0,57.0,12.0,591.0,12.0,9.0,3.0,17.0,9.0,13.0,9.0,13.0,1.0
2020-07-30,1033.0,110.0,169.0,30.0,17.0,73.0,88.0,35.0,359.0,31.0,16.0,17.0,14.0,34.0,111.0,3761.0,296.0,16.0,13.0,6.0,28.0,9.0,110.0,41.0,92.0,10.0,192.0,29.0,9.0,11.0,22.0,8.0,4.0,16.0,124.0,20.0,12.0,28.0,3.0,24.0,15.0,164.0,10.0,93.0,126.0,35.0,4.0,112.0,11.0,10.0,16.0,75.0,24.0,98.0,39.0,48.0,20.0,22.0,93.0,52.0,12.0,603.0,11.0,10.0,4.0,16.0,8.0,15.0,8.0,14.0,1.0
2020-07-31,1038.0,118.0,163.0,28.0,16.0,71.0,82.0,35.0,296.0,28.0,13.0,16.0,12.0,31.0,97.0,3622.0,249.0,15.0,11.0,6.0,26.0,8.0,116.0,38.0,90.0,11.0,180.0,28.0,9.0,10.0,20.0,8.0,4.0,19.0,124.0,19.0,13.0,28.0,3.0,23.0,14.0,170.0,10.0,85.0,110.0,32.0,5.0,114.0,13.0,11.0,15.0,80.0,25.0,99.0,44.0,50.0,22.0,21.0,88.0,59.0,11.0,573.0,10.0,10.0,4.0,16.0,8.0,15.0,8.0,19.0,2.0
2020-08-01,1021.0,112.0,159.0,26.0,14.0,65.0,77.0,32.0,257.0,23.0,10.0,18.0,11.0,27.0,87.0,3662.0,203.0,15.0,9.0,5.0,25.0,6.0,122.0,38.0,92.0,11.0,182.0,27.0,10.0,9.0,20.0,9.0,5.0,23.0,132.0,18.0,13.0,29.0,3.0,25.0,18.0,182.0,12.0,81.0,105.0,28.0,6.0,118.0,14.0,12.0,14.0,77.0,25.0,103.0,49.0,53.0,23.0,19.0,89.0,74.0,11.0,560.0,10.0,11.0,4.0,18.0,9.0,15.0,8.0,23.0,2.0
2020-08-02,1011.0,98.0,158.0,25.0,11.0,57.0,74.0,28.0,231.0,18.0,8.0,21.0,9.0,27.0,84.0,4021.0,163.0,17.0,9.0,4.0,25.0,4.0,123.0,37.0,96.0,11.0,185.0,28.0,11.0,9.0,20.0,11.0,5.0,28.0,138.0,16.0,12.0,30.0,4.0,27.0,21.0,188.0,14.0,85.0,112.0,25.0,7.0,127.0,15.0,13.0,13.0,74.0,23.0,121.0,53.0,61.0,25.0,19.0,90.0,86.0,9.0,541.0,11.0,11.0,3.0,19.0,11.0,14.0,8.0,25.0,2.0
2020-08-03,1038.0,85.0,159.0,24.0,10.0,50.0,76.0,24.0,241.0,16.0,7.0,23.0,9.0,27.0,88.0,4140.0,138.0,18.0,8.0,4.0,25.0,2.0,123.0,38.0,111.0,12.0,193.0,27.0,13.0,9.0,21.0,12.0,4.0,33.0,140.0,16.0,13.0,34.0,4.0,30.0,24.0,191.0,15.0,96.0,120.0,23.0,7.0,148.0,17.0,15.0,13.0,73.0,22.0,137.0,60.0,66.0,27.0,18.0,101.0,94.0,8.0,566.0,12.0,11.0,3.0,23.0,12.0,13.0,9.0,24.0,3.0
2020-08-04,1075.0,72.0,159.0,24.0,9.0,46.0,76.0,22.0,267.0,15.0,8.0,25.0,9.0,26.0,97.0,4119.0,147.0,19.0,9.0,5.0,25.0,2.0,119.0,39.0,120.0,12.0,217.0,26.0,14.0,9.0,24.0,13.0,4.0,39.0,137.0,19.0,13.0,40.0,5.0,32.0,24.0,192.0,16.0,117.0,128.0,23.0,6.0,181.0,19.0,18.0,14.0,72.0,20.0,163.0,60.0,72.0,29.0,19.0,105.0,101.0,8.0,588.0,13.0,11.0,2.0,27.0,13.0,13.0,9.0,21.0,2.0
2020-08-05,1136.0,68.0,160.0,24.0,8.0,47.0,78.0,21.0,285.0,15.0,9.0,23.0,9.0,28.0,103.0,3819.0,157.0,18.0,9.0,6.0,27.0,2.0,121.0,41.0,123.0,12.0,277.0,27.0,16.0,10.0,24.0,12.0,4.0,40.0,127.0,22.0,14.0,52.0,7.0,35.0,22.0,176.0,16.0,138.0,132.0,22.0,5.0,214.0,21.0,21.0,14.0,70.0,19.0,187.0,61.0,79.0,29.0,21.0,114.0,103.0,9.0,616.0,13.0,10.0,2.0,31.0,14.0,13.0,9.0,16.0,2.0
2020-08-06,1175.0,67.0,156.0,25.0,8.0,48.0,78.0,22.0,284.0,15.0,10.0,19.0,9.0,27.0,103.0,3395.0,156.0,17.0,9.0,7.0,28.0,3.0,123.0,38.0,117.0,11.0,338.0,28.0,16.0,10.0,25.0,11.0,5.0,38.0,120.0,26.0,15.0,64.0,9.0,39.0,20.0,166.0,16.0,152.0,133.0,23.0,4.0,233.0,22.0,23.0,13.0,72.0,19.0,204.0,58.0,83.0,29.0,24.0,116.0,101.0,10.0,597.0,12.0,10.0,3.0,31.0,13.0,13.0,10.0,15.0,2.0
2020-08-07,1151.0,62.0,145.0,25.0,7.0,46.0,75.0,20.0,274.0,15.0,10.0,16.0,9.0,29.0,102.0,3064.0,152.0,16.0,10.0,8.0,28.0,4.0,122.0,38.0,110.0,9.0,411.0,28.0,17.0,14.0,26.0,10.0,6.0,35.0,122.0,30.0,16.0,77.0,10.0,47.0,22.0,164.0,16.0,156.0,134.0,22.0,5.0,238.0,22.0,23.0,13.0,72.0,19.0,212.0,55.0,85.0,28.0,26.0,119.0,98.0,10.0,561.0,10.0,9.0,3.0,30.0,12.0,12.0,11.0,14.0,3.0
2020-08-08,1113.0,55.0,136.0,25.0,7.0,46.0,74.0,18.0,248.0,15.0,9.0,12.0,9.0,31.0,95.0,3099.0,144.0,15.0,10.0,8.0,26.0,6.0,124.0,34.0,105.0,8.0,460.0,29.0,17.0,17.0,26.0,8.0,8.0,31.0,123.0,31.0,16.0,84.0,10.0,54.0,24.0,162.0,16.0,159.0,150.0,25.0,6.0,234.0,22.0,24.0,13.0,77.0,21.0,217.0,54.0,91.0,28.0,29.0,123.0,90.0,11.0,612.0,9.0,8.0,4.0,29.0,10.0,12.0,12.0,17.0,4.0
2020-08-09,1073.0,49.0,131.0,25.0,8.0,46.0,75.0,16.0,222.0,16.0,8.0,10.0,8.0,31.0,86.0,3083.0,138.0,15.0,11.0,10.0,25.0,7.0,127.0,44.0,120.0,9.0,480.0,30.0,18.0,19.0,27.0,7.0,9.0,27.0,142.0,33.0,16.0,89.0,10.0,61.0,31.0,180.0,17.0,162.0,165.0,28.0,7.0,231.0,22.0,26.0,12.0,83.0,24.0,216.0,55.0,95.0,29.0,31.0,128.0,88.0,11.0,685.0,8.0,8.0,5.0,30.0,8.0,12.0,14.0,19.0,4.0
2020-08-10,1034.0,45.0,133.0,25.0,11.0,47.0,78.0,14.0,206.0,16.0,9.0,10.0,8.0,29.0,83.0,3517.0,134.0,16.0,12.0,10.0,23.0,8.0,128.0,55.0,137.0,11.0,460.0,33.0,19.0,21.0,29.0,7.0,10.0,27.0,167.0,33.0,16.0,87.0,9.0,64.0,35.0,199.0,17.0,166.0,181.0,34.0,7.0,220.0,22.0,27.0,14.0,91.0,28.0,217.0,60.0,97.0,32.0,32.0,129.0,83.0,10.0,786.0,8.0,9.0,6.0,33.0,7.0,12.0,15.0,20.0,5.0
2020-08-11,1028.0,46.0,138.0,25.0,13.0,47.0,88.0,14.0,192.0,15.0,10.0,10.0,8.0,26.0,78.0,3650.0,135.0,17.0,13.0,11.0,20.0,8.0,133.0,67.0,158.0,14.0,420.0,33.0,18.0,20.0,31.0,8.0,13.0,30.0,190.0,36.0,15.0,83.0,9.0,65.0,37.0,204.0,15.0,166.0,193.0,38.0,7.0,217.0,23.0,28.0,16.0,101.0,32.0,210.0,68.0,94.0,34.0,34.0,134.0,80.0,9.0,861.0,9.0,10.0,6.0,37.0,7.0,13.0,14.0,19.0,4.0
2020-08-12,999.0,45.0,139.0,24.0,17.0,45.0,94.0,16.0,185.0,13.0,10.0,10.0,8.0,26.0,70.0,3836.0,131.0,21.0,14.0,11.0,19.0,9.0,136.0,75.0,173.0,17.0,375.0,28.0,16.0,18.0,34.0,8.0,17.0,35.0,208.0,39.0,13.0,77.0,9.0,61.0,34.0,200.0,13.0,165.0,192.0,39.0,6.0,218.0,23.0,29.0,18.0,111.0,34.0,206.0,70.0,88.0,36.0,33.0,125.0,88.0,9.0,844.0,10.0,13.0,6.0,40.0,8.0,15.0,15.0,18.0,4.0
2020-08-13,961.0,44.0,136.0,23.0,18.0,43.0,98.0,18.0,174.0,11.0,11.0,9.0,8.0,32.0,62.0,4194.0,126.0,24.0,14.0,11.0,19.0,9.0,141.0,76.0,170.0,17.0,357.0,26.0,14.0,16.0,36.0,8.0,20.0,40.0,214.0,41.0,13.0,76.0,10.0,57.0,30.0,179.0,9.0,159.0,181.0,39.0,5.0,213.0,22.0,28.0,19.0,110.0,34.0,202.0,68.0,81.0,35.0,32.0,117.0,99.0,10.0,757.0,11.0,15.0,6.0,41.0,10.0,16.0,14.0,19.0,3.0
2020-08-14,892.0,39.0,127.0,20.0,17.0,39.0,93.0,18.0,165.0,10.0,10.0,8.0,7.0,37.0,49.0,4448.0,122.0,27.0,13.0,10.0,21.0,11.0,142.0,67.0,148.0,15.0,333.0,24.0,10.0,14.0,36.0,8.0,23.0,42.0,206.0,41.0,13.0,77.0,10.0,51.0,22.0,154.0,6.0,153.0,169.0,37.0,4.0,197.0,21.0,26.0,18.0,105.0,30.0,197.0,59.0,73.0,35.0,29.0,106.0,109.0,11.0,654.0,11.0,16.0,5.0,42.0,12.0,16.0,14.0,21.0,3.0
2020-08-15,811.0,34.0,114.0,16.0,14.0,34.0,84.0,17.0,162.0,10.0,8.0,6.0,6.0,40.0,43.0,4258.0,113.0,29.0,12.0,8.0,24.0,11.0,134.0,57.0,150.0,14.0,323.0,23.0,8.0,15.0,40.0,9.0,25.0,45.0,207.0,43.0,17.0,79.0,10.0,51.0,21.0,136.0,6.0,152.0,150.0,31.0,4.0,177.0,19.0,23.0,16.0,99.0,26.0,202.0,55.0,67.0,35.0,28.0,104.0,115.0,11.0,548.0,13.0,17.0,5.0,40.0,15.0,17.0,15.0,21.0,3.0
2020-08-16,754.0,30.0,106.0,15.0,11.0,31.0,75.0,15.0,167.0,10.0,6.0,5.0,6.0,39.0,39.0,4635.0,107.0,27.0,10.0,7.0,31.0,10.0,122.0,50.0,148.0,15.0,303.0,22.0,6.0,15.0,41.0,9.0,25.0,45.0,203.0,43.0,19.0,78.0,10.0,49.0,19.0,117.0,5.0,157.0,141.0,28.0,4.0,176.0,19.0,21.0,15.0,89.0,23.0,209.0,54.0,70.0,35.0,29.0,108.0,113.0,10.0,553.0,14.0,16.0,4.0,40.0,16.0,17.0,15.0,20.0,4.0
2020-08-17,739.0,28.0,104.0,15.0,8.0,33.0,71.0,12.0,172.0,10.0,5.0,5.0,5.0,35.0,36.0,4490.0,99.0,25.0,11.0,13.0,41.0,12.0,108.0,59.0,183.0,18.0,276.0,26.0,5.0,14.0,43.0,10.0,27.0,43.0,197.0,46.0,22.0,83.0,11.0,51.0,25.0,108.0,6.0,170.0,144.0,30.0,4.0,183.0,20.0,20.0,16.0,83.0,24.0,231.0,59.0,80.0,37.0,35.0,129.0,109.0,11.0,598.0,14.0,16.0,4.0,38.0,18.0,16.0,16.0,18.0,3.0
2020-08-18,744.0,28.0,110.0,15.0,7.0,36.0,68.0,10.0,170.0,10.0,4.0,6.0,4.0,28.0,38.0,4553.0,94.0,24.0,13.0,19.0,52.0,13.0,98.0,74.0,232.0,23.0,228.0,27.0,5.0,13.0,43.0,11.0,32.0,40.0,193.0,48.0,21.0,81.0,12.0,53.0,29.0,103.0,6.0,179.0,145.0,33.0,3.0,200.0,23.0,21.0,21.0,87.0,30.0,249.0,72.0,90.0,38.0,40.0,141.0,104.0,11.0,632.0,14.0,16.0,6.0,38.0,18.0,15.0,18.0,16.0,3.0
2020-08-19,769.0,30.0,121.0,16.0,7.0,40.0,72.0,8.0,161.0,9.0,3.0,6.0,4.0,22.0,39.0,4300.0,90.0,25.0,16.0,27.0,60.0,14.0,90.0,94.0,269.0,26.0,177.0,27.0,4.0,12.0,40.0,14.0,38.0,36.0,181.0,53.0,20.0,83.0,14.0,54.0,33.0,95.0,6.0,187.0,148.0,37.0,2.0,211.0,26.0,21.0,27.0,102.0,40.0,263.0,85.0,97.0,38.0,45.0,148.0,101.0,11.0,643.0,13.0,15.0,8.0,37.0,16.0,15.0,19.0,13.0,3.0
2020-08-20,777.0,31.0,129.0,15.0,7.0,41.0,73.0,9.0,142.0,7.0,3.0,6.0,4.0,17.0,38.0,3979.0,89.0,28.0,18.0,31.0,62.0,17.0,93.0,106.0,289.0,26.0,134.0,25.0,4.0,13.0,36.0,15.0,42.0,32.0,168.0,56.0,17.0,80.0,15.0,51.0,33.0,89.0,5.0,194.0,141.0,36.0,2.0,209.0,25.0,21.0,31.0,120.0,47.0,274.0,89.0,100.0,38.0,47.0,140.0,103.0,12.0,614.0,12.0,15.0,10.0,35.0,15.0,14.0,20.0,9.0,3.0
2020-08-21,770.0,29.0,134.0,15.0,7.0,41.0,73.0,9.0,112.0,5.0,3.0,5.0,3.0,16.0,35.0,3819.0,93.0,29.0,20.0,32.0,58.0,19.0,96.0,108.0,281.0,22.0,116.0,23.0,6.0,14.0,32.0,16.0,45.0,29.0,155.0,58.0,15.0,79.0,15.0,48.0,32.0,84.0,5.0,197.0,128.0,34.0,3.0,200.0,23.0,21.0,33.0,136.0,52.0,277.0,92.0,96.0,37.0,44.0,129.0,113.0,13.0,542.0,9.0,14.0,12.0,31.0,13.0,13.0,20.0,9.0,2.0
2020-08-22,760.0,27.0,140.0,15.0,7.0,40.0,73.0,9.0,103.0,4.0,3.0,4.0,3.0,14.0,32.0,3676.0,113.0,29.0,20.0,28.0,50.0,20.0,102.0,105.0,252.0,18.0,130.0,23.0,7.0,18.0,29.0,16.0,44.0,26.0,144.0,55.0,12.0,77.0,14.0,40.0,27.0,83.0,4.0,201.0,119.0,30.0,4.0,203.0,24.0,21.0,33.0,145.0,50.0,275.0,93.0,91.0,37.0,40.0,111.0,125.0,14.0,479.0,8.0,13.0,11.0,28.0,11.0,12.0,18.0,9.0,2.0
2020-08-23,743.0,25.0,139.0,16.0,7.0,38.0,72.0,9.0,93.0,4.0,3.0,3.0,3.0,12.0,29.0,3259.0,141.0,27.0,20.0,22.0,44.0,19.0,106.0,93.0,249.0,14.0,154.0,22.0,8.0,21.0,30.0,15.0,45.0,27.0,143.0,54.0,11.0,86.0,15.0,36.0,25.0,85.0,4.0,212.0,112.0,25.0,4.0,206.0,25.0,22.0,32.0,150.0,47.0,278.0,101.0,88.0,37.0,37.0,115.0,138.0,15.0,434.0,7.0,12.0,10.0,26.0,11.0,12.0,16.0,10.0,2.0
2020-08-24,743.0,25.0,138.0,19.0,7.0,36.0,72.0,8.0,92.0,3.0,3.0,3.0,3.0,11.0,27.0,3106.0,159.0,23.0,19.0,15.0,41.0,17.0,109.0,82.0,263.0,14.0,178.0,21.0,9.0,23.0,31.0,14.0,44.0,27.0,152.0,51.0,9.0,94.0,15.0,33.0,20.0,89.0,4.0,223.0,106.0,21.0,4.0,237.0,30.0,24.0,30.0,143.0,41.0,276.0,107.0,87.0,38.0,35.0,114.0,155.0,14.0,402.0,6.0,12.0,9.0,24.0,11.0,12.0,15.0,12.0,2.0
2020-08-25,750.0,28.0,134.0,20.0,9.0,37.0,76.0,8.0,91.0,3.0,3.0,3.0,3.0,11.0,25.0,2967.0,168.0,22.0,18.0,14.0,42.0,18.0,110.0,88.0,295.0,14.0,184.0,19.0,8.0,23.0,32.0,12.0,42.0,28.0,155.0,50.0,8.0,110.0,16.0,35.0,20.0,94.0,4.0,233.0,109.0,23.0,4.0,266.0,35.0,25.0,29.0,135.0,38.0,278.0,117.0,91.0,41.0,37.0,121.0,168.0,14.0,402.0,5.0,12.0,7.0,23.0,11.0,11.0,14.0,14.0,2.0
2020-08-26,746.0,28.0,126.0,21.0,9.0,36.0,76.0,8.0,86.0,3.0,3.0,3.0,3.0,12.0,25.0,2809.0,161.0,22.0,17.0,14.0,42.0,18.0,107.0,98.0,330.0,13.0,169.0,16.0,7.0,21.0,31.0,11.0,41.0,29.0,158.0,50.0,6.0,123.0,19.0,40.0,18.0,100.0,5.0,233.0,107.0,23.0,4.0,284.0,38.0,26.0,32.0,123.0,35.0,276.0,123.0,92.0,43.0,39.0,116.0,173.0,13.0,396.0,3.0,13.0,9.0,25.0,11.0,10.0,14.0,15.0,1.0
2020-08-27,713.0,28.0,113.0,20.0,10.0,36.0,74.0,8.0,79.0,3.0,2.0,3.0,3.0,12.0,25.0,2622.0,138.0,22.0,16.0,14.0,42.0,19.0,96.0,109.0,327.0,12.0,143.0,14.0,6.0,18.0,32.0,11.0,38.0,28.0,151.0,51.0,6.0,130.0,24.0,44.0,17.0,101.0,5.0,229.0,101.0,24.0,4.0,278.0,37.0,25.0,35.0,121.0,34.0,268.0,123.0,92.0,44.0,40.0,103.0,170.0,12.0,385.0,3.0,13.0,10.0,25.0,10.0,9.0,16.0,15.0,2.0
2020-08-28,664.0,25.0,98.0,19.0,12.0,35.0,70.0,7.0,72.0,3.0,2.0,3.0,3.0,11.0,25.0,2575.0,112.0,21.0,15.0,14.0,40.0,20.0,91.0,114.0,304.0,12.0,110.0,13.0,5.0,15.0,32.0,10.0,34.0,29.0,143.0,52.0,5.0,128.0,27.0,44.0,14.0,95.0,6.0,219.0,92.0,23.0,4.0,243.0,32.0,22.0,38.0,114.0,30.0,262.0,116.0,94.0,45.0,39.0,78.0,156.0,10.0,376.0,2.0,13.0,12.0,25.0,10.0,8.0,17.0,16.0,2.0
2020-08-29,610.0,20.0,90.0,19.0,12.0,35.0,67.0,5.0,64.0,3.0,2.0,3.0,2.0,10.0,23.0,2583.0,91.0,20.0,14.0,16.0,37.0,19.0,81.0,116.0,282.0,12.0,87.0,12.0,4.0,12.0,34.0,9.0,36.0,29.0,132.0,54.0,6.0,124.0,30.0,44.0,16.0,87.0,6.0,208.0,86.0,20.0,5.0,195.0,24.0,19.0,42.0,111.0,27.0,261.0,105.0,94.0,45.0,40.0,64.0,143.0,9.0,369.0,2.0,11.0,13.0,24.0,11.0,8.0,18.0,15.0,9.0
2020-08-30,601.0,16.0,95.0,21.0,12.0,38.0,69.0,4.0,75.0,4.0,2.0,4.0,2.0,9.0,26.0,2629.0,80.0,19.0,14.0,22.0,36.0,18.0,77.0,123.0,268.0,13.0,87.0,15.0,4.0,12.0,37.0,9.0,39.0,29.0,124.0,55.0,6.0,120.0,31.0,44.0,19.0,83.0,6.0,206.0,90.0,20.0,5.0,156.0,19.0,17.0,43.0,113.0,27.0,268.0,100.0,98.0,46.0,42.0,51.0,134.0,9.0,384.0,3.0,10.0,13.0,24.0,13.0,10.0,20.0,16.0,15.0
2020-08-31,612.0,13.0,104.0,23.0,11.0,41.0,73.0,4.0,84.0,4.0,2.0,4.0,3.0,8.0,27.0,2684.0,78.0,19.0,14.0,26.0,36.0,16.0,76.0,123.0,267.0,15.0,87.0,16.0,4.0,11.0,36.0,10.0,44.0,30.0,115.0,53.0,7.0,123.0,32.0,42.0,23.0,80.0,5.0,200.0,94.0,18.0,4.0,117.0,14.0,16.0,43.0,115.0,27.0,265.0,93.0,96.0,46.0,42.0,55.0,130.0,8.0,388.0,4.0,8.0,12.0,23.0,15.0,11.0,20.0,16.0,20.0
2020-09-01,641.0,12.0,114.0,25.0,8.0,44.0,75.0,4.0,95.0,5.0,3.0,5.0,3.0,7.0,29.0,2637.0,72.0,22.0,15.0,35.0,39.0,12.0,76.0,124.0,285.0,15.0,90.0,18.0,4.0,12.0,35.0,11.0,48.0,31.0,113.0,53.0,7.0,127.0,32.0,43.0,27.0,78.0,4.0,207.0,96.0,16.0,3.0,102.0,12.0,19.0,42.0,117.0,27.0,258.0,87.0,94.0,44.0,43.0,63.0,143.0,8.0,390.0,4.0,9.0,11.0,24.0,16.0,12.0,21.0,15.0,22.0
2020-09-02,674.0,12.0,119.0,25.0,6.0,46.0,76.0,5.0,98.0,5.0,4.0,6.0,3.0,7.0,28.0,2554.0,70.0,24.0,17.0,38.0,42.0,11.0,83.0,131.0,290.0,15.0,97.0,20.0,3.0,13.0,32.0,12.0,47.0,31.0,111.0,52.0,7.0,124.0,28.0,43.0,27.0,74.0,3.0,210.0,94.0,14.0,1.0,96.0,11.0,22.0,41.0,120.0,28.0,240.0,83.0,87.0,39.0,40.0,72.0,156.0,8.0,391.0,5.0,9.0,9.0,25.0,18.0,12.0,23.0,13.0,19.0
2020-09-03,673.0,11.0,114.0,23.0,3.0,43.0,69.0,5.0,91.0,5.0,4.0,5.0,3.0,7.0,25.0,2361.0,66.0,26.0,17.0,37.0,43.0,11.0,81.0,129.0,280.0,13.0,98.0,21.0,3.0,12.0,28.0,13.0,41.0,29.0,106.0,50.0,6.0,123.0,31.0,39.0,24.0,66.0,2.0,201.0,86.0,13.0,1.0,99.0,10.0,24.0,40.0,115.0,28.0,209.0,81.0,74.0,32.0,35.0,73.0,162.0,7.0,370.0,5.0,10.0,8.0,26.0,17.0,11.0,23.0,11.0,13.0
2020-09-04,630.0,10.0,101.0,19.0,1.0,38.0,59.0,5.0,82.0,5.0,3.0,4.0,2.0,7.0,21.0,2173.0,62.0,27.0,17.0,35.0,42.0,10.0,79.0,126.0,264.0,10.0,101.0,26.0,3.0,12.0,26.0,14.0,34.0,26.0,100.0,47.0,4.0,116.0,33.0,37.0,22.0,60.0,2.0,202.0,75.0,12.0,2.0,101.0,10.0,24.0,39.0,111.0,26.0,177.0,79.0,63.0,24.0,29.0,71.0,162.0,6.0,351.0,7.0,9.0,8.0,26.0,16.0,11.0,23.0,8.0,7.0
2020-09-05,598.0,9.0,91.0,15.0,2.0,34.0,53.0,4.0,72.0,5.0,2.0,3.0,2.0,7.0,18.0,2047.0,66.0,27.0,16.0,31.0,41.0,9.0,77.0,120.0,246.0,10.0,100.0,29.0,3.0,11.0,25.0,16.0,26.0,22.0,94.0,44.0,4.0,115.0,36.0,35.0,18.0,54.0,2.0,197.0,66.0,11.0,3.0,98.0,10.0,22.0,37.0,105.0,24.0,162.0,80.0,56.0,22.0,23.0,64.0,152.0,6.0,345.0,9.0,9.0,8.0,26.0,16.0,11.0,23.0,7.0,1.0
2020-09-06,586.0,11.0,91.0,15.0,3.0,35.0,52.0,4.0,64.0,4.0,2.0,2.0,2.0,6.0,16.0,1992.0,88.0,28.0,16.0,27.0,37.0,9.0,73.0,118.0,259.0,11.0,94.0,29.0,4.0,10.0,26.0,17.0,22.0,19.0,91.0,40.0,4.0,118.0,38.0,36.0,18.0,54.0,2.0,193.0,61.0,11.0,4.0,94.0,10.0,19.0,38.0,103.0,25.0,158.0,84.0,52.0,24.0,21.0,56.0,148.0,6.0,351.0,12.0,11.0,8.0,24.0,15.0,13.0,24.0,4.0,1.0
2020-09-07,618.0,15.0,101.0,16.0,4.0,39.0,59.0,3.0,67.0,4.0,1.0,2.0,2.0,6.0,17.0,2004.0,116.0,30.0,16.0,28.0,38.0,10.0,66.0,123.0,289.0,13.0,92.0,32.0,6.0,10.0,30.0,18.0,22.0,17.0,94.0,39.0,5.0,131.0,39.0,40.0,18.0,63.0,2.0,205.0,61.0,12.0,5.0,93.0,11.0,16.0,43.0,107.0,31.0,182.0,93.0,57.0,28.0,23.0,55.0,151.0,6.0,373.0,13.0,14.0,9.0,25.0,14.0,15.0,26.0,4.0,1.0
2020-09-08,673.0,18.0,116.0,20.0,5.0,46.0,67.0,3.0,69.0,4.0,1.0,2.0,2.0,5.0,19.0,2059.0,139.0,30.0,17.0,26.0,40.0,9.0,59.0,120.0,307.0,15.0,83.0,31.0,7.0,10.0,33.0,17.0,21.0,16.0,94.0,36.0,5.0,142.0,37.0,41.0,17.0,72.0,2.0,202.0,66.0,13.0,6.0,85.0,11.0,14.0,50.0,116.0,38.0,199.0,94.0,58.0,32.0,25.0,54.0,156.0,5.0,390.0,13.0,19.0,11.0,24.0,14.0,16.0,28.0,3.0,1.0
2020-09-09,712.0,21.0,125.0,26.0,5.0,53.0,71.0,3.0,69.0,4.0,1.0,1.0,2.0,4.0,19.0,2086.0,160.0,31.0,19.0,30.0,47.0,9.0,54.0,113.0,318.0,17.0,71.0,29.0,9.0,9.0,36.0,16.0,22.0,17.0,95.0,35.0,5.0,150.0,37.0,41.0,15.0,76.0,2.0,205.0,68.0,13.0,5.0,85.0,11.0,15.0,58.0,127.0,44.0,214.0,98.0,61.0,34.0,27.0,56.0,164.0,5.0,400.0,11.0,22.0,12.0,24.0,13.0,17.0,32.0,3.0,1.0
2020-09-10,723.0,20.0,129.0,29.0,5.0,56.0,69.0,3.0,64.0,3.0,1.0,1.0,2.0,4.0,19.0,2043.0,160.0,29.0,20.0,41.0,52.0,9.0,53.0,106.0,298.0,17.0,60.0,25.0,10.0,9.0,36.0,13.0,22.0,18.0,91.0,35.0,4.0,144.0,33.0,38.0,11.0,73.0,2.0,198.0,68.0,12.0,5.0,76.0,9.0,14.0,62.0,132.0,48.0,219.0,95.0,59.0,32.0,28.0,58.0,161.0,5.0,398.0,9.0,23.0,13.0,24.0,14.0,16.0,33.0,3.0,1.0
2020-09-11,702.0,17.0,123.0,30.0,4.0,55.0,63.0,3.0,61.0,3.0,2.0,1.0,1.0,3.0,19.0,1905.0,156.0,27.0,20.0,51.0,57.0,9.0,52.0,90.0,252.0,16.0,44.0,19.0,9.0,7.0,33.0,11.0,21.0,18.0,83.0,33.0,4.0,142.0,32.0,33.0,9.0,63.0,2.0,181.0,66.0,12.0,4.0,68.0,9.0,14.0,61.0,131.0,47.0,213.0,92.0,54.0,29.0,27.0,54.0,153.0,6.0,374.0,6.0,22.0,13.0,24.0,14.0,14.0,32.0,3.0,1.0
2020-09-12,677.0,13.0,115.0,30.0,3.0,52.0,56.0,3.0,63.0,2.0,2.0,1.0,1.0,3.0,20.0,1800.0,144.0,26.0,19.0,62.0,59.0,8.0,52.0,89.0,212.0,14.0,36.0,15.0,8.0,7.0,30.0,10.0,23.0,19.0,76.0,32.0,3.0,138.0,30.0,30.0,7.0,55.0,2.0,174.0,64.0,12.0,4.0,61.0,8.0,13.0,58.0,128.0,44.0,206.0,95.0,49.0,26.0,25.0,46.0,149.0,6.0,369.0,5.0,21.0,13.0,26.0,15.0,13.0,29.0,3.0,1.0
2020-09-13,670.0,14.0,110.0,27.0,2.0,48.0,51.0,3.0,68.0,2.0,2.0,1.0,1.0,3.0,20.0,1738.0,126.0,27.0,18.0,67.0,61.0,7.0,52.0,95.0,178.0,14.0,32.0,11.0,7.0,6.0,26.0,11.0,26.0,19.0,70.0,32.0,3.0,141.0,28.0,30.0,8.0,48.0,2.0,163.0,62.0,13.0,3.0,58.0,9.0,12.0,55.0,125.0,39.0,201.0,99.0,44.0,25.0,23.0,40.0,146.0,7.0,370.0,6.0,20.0,12.0,27.0,17.0,12.0,29.0,3.0,0.0
2020-09-14,705.0,17.0,111.0,26.0,2.0,48.0,51.0,4.0,76.0,2.0,2.0,1.0,1.0,3.0,21.0,1727.0,119.0,31.0,19.0,63.0,62.0,6.0,55.0,104.0,166.0,14.0,34.0,7.0,6.0,6.0,24.0,13.0,29.0,19.0,65.0,31.0,5.0,152.0,33.0,32.0,9.0,46.0,2.0,163.0,71.0,16.0,3.0,63.0,10.0,11.0,57.0,131.0,38.0,201.0,106.0,43.0,27.0,21.0,31.0,156.0,7.0,394.0,6.0,23.0,12.0,29.0,20.0,13.0,28.0,3.0,0.0
2020-09-15,734.0,22.0,112.0,24.0,2.0,48.0,53.0,4.0,81.0,3.0,2.0,1.0,2.0,3.0,21.0,1804.0,108.0,36.0,19.0,53.0,66.0,7.0,56.0,118.0,172.0,16.0,43.0,8.0,7.0,7.0,23.0,14.0,32.0,20.0,68.0,32.0,6.0,168.0,38.0,34.0,9.0,51.0,2.0,169.0,80.0,18.0,3.0,71.0,12.0,10.0,62.0,136.0,38.0,205.0,111.0,46.0,29.0,21.0,28.0,170.0,6.0,429.0,6.0,26.0,12.0,30.0,23.0,14.0,29.0,3.0,0.0
2020-09-16,746.0,24.0,116.0,23.0,3.0,48.0,54.0,5.0,82.0,3.0,2.0,1.0,2.0,4.0,20.0,1877.0,85.0,37.0,20.0,43.0,66.0,9.0,51.0,125.0,173.0,17.0,47.0,9.0,8.0,8.0,22.0,15.0,30.0,18.0,69.0,31.0,8.0,178.0,43.0,36.0,8.0,56.0,2.0,167.0,88.0,20.0,3.0,77.0,14.0,9.0,65.0,139.0,39.0,201.0,111.0,48.0,30.0,22.0,25.0,174.0,6.0,444.0,6.0,28.0,13.0,30.0,23.0,15.0,31.0,3.0,1.0
2020-09-17,719.0,23.0,115.0,23.0,4.0,45.0,53.0,5.0,78.0,3.0,1.0,2.0,3.0,3.0,19.0,1896.0,70.0,38.0,21.0,31.0,67.0,12.0,48.0,121.0,165.0,18.0,50.0,10.0,9.0,8.0,22.0,15.0,25.0,17.0,68.0,29.0,9.0,176.0,46.0,36.0,9.0,56.0,3.0,159.0,90.0,19.0,3.0,76.0,13.0,9.0,68.0,136.0,39.0,191.0,109.0,50.0,30.0,23.0,25.0,168.0,5.0,432.0,5.0,26.0,13.0,29.0,23.0,15.0,31.0,3.0,1.0
2020-09-18,682.0,20.0,113.0,22.0,8.0,43.0,51.0,5.0,68.0,3.0,1.0,2.0,4.0,3.0,16.0,1824.0,55.0,36.0,21.0,30.0,64.0,13.0,37.0,114.0,143.0,16.0,59.0,11.0,9.0,10.0,20.0,14.0,19.0,15.0,63.0,26.0,9.0,166.0,50.0,34.0,8.0,53.0,3.0,149.0,83.0,16.0,2.0,74.0,12.0,9.0,69.0,131.0,40.0,178.0,99.0,50.0,28.0,24.0,27.0,155.0,4.0,409.0,4.0,22.0,13.0,27.0,21.0,16.0,28.0,2.0,1.0
2020-09-19,649.0,18.0,112.0,21.0,12.0,44.0,51.0,5.0,62.0,4.0,1.0,2.0,4.0,3.0,15.0,1740.0,58.0,34.0,20.0,29.0,66.0,17.0,29.0,99.0,136.0,15.0,65.0,11.0,9.0,10.0,20.0,12.0,14.0,13.0,59.0,24.0,8.0,153.0,50.0,34.0,8.0,51.0,3.0,142.0,73.0,13.0,2.0,71.0,12.0,10.0,70.0,132.0,41.0,168.0,87.0,50.0,28.0,26.0,30.0,141.0,4.0,384.0,3.0,19.0,14.0,26.0,19.0,16.0,27.0,2.0,1.0
2020-09-20,668.0,14.0,119.0,23.0,14.0,51.0,54.0,5.0,63.0,4.0,1.0,3.0,5.0,3.0,15.0,1712.0,68.0,43.0,20.0,30.0,72.0,19.0,26.0,102.0,153.0,16.0,73.0,11.0,8.0,11.0,23.0,11.0,15.0,12.0,59.0,24.0,7.0,156.0,52.0,33.0,9.0,52.0,3.0,153.0,66.0,9.0,2.0,71.0,11.0,12.0,73.0,136.0,43.0,172.0,82.0,55.0,30.0,30.0,34.0,139.0,4.0,397.0,2.0,18.0,15.0,27.0,18.0,17.0,27.0,2.0,1.0
2020-09-21,710.0,17.0,130.0,26.0,15.0,62.0,59.0,5.0,66.0,5.0,0.0,4.0,5.0,4.0,16.0,1717.0,79.0,51.0,22.0,30.0,80.0,23.0,38.0,107.0,183.0,19.0,78.0,10.0,7.0,12.0,26.0,10.0,17.0,12.0,62.0,25.0,5.0,163.0,51.0,35.0,9.0,57.0,2.0,160.0,62.0,7.0,1.0,76.0,11.0,13.0,79.0,146.0,46.0,180.0,83.0,59.0,33.0,34.0,37.0,141.0,4.0,433.0,2.0,19.0,17.0,28.0,20.0,19.0,32.0,1.0,1.0
2020-09-22,754.0,18.0,139.0,29.0,13.0,72.0,65.0,5.0,72.0,5.0,0.0,5.0,4.0,4.0,17.0,1750.0,85.0,60.0,24.0,30.0,87.0,25.0,56.0,111.0,213.0,21.0,74.0,9.0,6.0,11.0,30.0,10.0,18.0,12.0,65.0,26.0,5.0,174.0,53.0,36.0,9.0,61.0,2.0,170.0,65.0,7.0,1.0,78.0,11.0,13.0,84.0,151.0,46.0,191.0,87.0,63.0,35.0,36.0,35.0,145.0,4.0,472.0,3.0,21.0,18.0,32.0,22.0,21.0,37.0,1.0,1.0
2020-09-23,774.0,19.0,144.0,32.0,9.0,77.0,70.0,5.0,77.0,6.0,1.0,5.0,4.0,5.0,19.0,1775.0,86.0,65.0,28.0,29.0,92.0,26.0,73.0,115.0,231.0,24.0,68.0,8.0,6.0,10.0,34.0,9.0,18.0,13.0,71.0,29.0,4.0,185.0,54.0,35.0,9.0,62.0,2.0,170.0,70.0,7.0,1.0,82.0,11.0,13.0,89.0,149.0,44.0,193.0,99.0,65.0,35.0,37.0,31.0,150.0,4.0,502.0,3.0,23.0,19.0,35.0,24.0,21.0,39.0,1.0,1.0
2020-09-24,759.0,18.0,142.0,34.0,6.0,76.0,70.0,4.0,75.0,6.0,1.0,4.0,3.0,4.0,19.0,1722.0,79.0,64.0,29.0,28.0,91.0,26.0,82.0,109.0,230.0,25.0,57.0,8.0,5.0,8.0,34.0,10.0,16.0,14.0,71.0,29.0,3.0,180.0,50.0,33.0,7.0,58.0,2.0,161.0,68.0,8.0,1.0,82.0,10.0,13.0,86.0,138.0,39.0,185.0,106.0,63.0,34.0,36.0,24.0,144.0,4.0,494.0,4.0,23.0,18.0,37.0,24.0,20.0,39.0,1.0,1.0
2020-09-25,724.0,16.0,133.0,34.0,2.0,69.0,68.0,3.0,70.0,5.0,2.0,4.0,3.0,3.0,19.0,1628.0,79.0,59.0,29.0,27.0,84.0,23.0,81.0,98.0,205.0,24.0,48.0,8.0,6.0,6.0,32.0,9.0,12.0,14.0,67.0,27.0,3.0,170.0,47.0,29.0,7.0,50.0,2.0,141.0,63.0,8.0,1.0,79.0,9.0,11.0,80.0,123.0,35.0,166.0,104.0,58.0,30.0,32.0,18.0,130.0,4.0,463.0,4.0,22.0,17.0,36.0,24.0,18.0,35.0,1.0,1.0
2020-09-26,702.0,14.0,126.0,34.0,2.0,63.0,66.0,3.0,64.0,5.0,2.0,2.0,3.0,3.0,18.0,1556.0,84.0,57.0,27.0,27.0,79.0,17.0,70.0,90.0,167.0,21.0,50.0,9.0,8.0,6.0,27.0,9.0,9.0,14.0,58.0,25.0,2.0,166.0,46.0,24.0,6.0,40.0,2.0,128.0,56.0,8.0,2.0,76.0,9.0,11.0,79.0,112.0,33.0,149.0,99.0,54.0,27.0,29.0,15.0,118.0,4.0,432.0,4.0,21.0,15.0,33.0,24.0,17.0,29.0,2.0,0.0
2020-09-27,706.0,12.0,125.0,34.0,2.0,61.0,68.0,3.0,64.0,5.0,2.0,2.0,3.0,3.0,16.0,1482.0,95.0,54.0,24.0,28.0,78.0,14.0,58.0,89.0,137.0,19.0,53.0,9.0,9.0,6.0,23.0,9.0,7.0,13.0,51.0,23.0,2.0,168.0,42.0,22.0,6.0,36.0,2.0,120.0,52.0,9.0,2.0,79.0,9.0,11.0,81.0,112.0,35.0,137.0,87.0,53.0,27.0,28.0,12.0,114.0,4.0,425.0,3.0,22.0,14.0,30.0,25.0,17.0,25.0,2.0,0.0
2020-09-28,745.0,11.0,133.0,35.0,2.0,66.0,75.0,4.0,71.0,4.0,2.0,2.0,3.0,3.0,14.0,1493.0,107.0,60.0,24.0,30.0,84.0,11.0,49.0,102.0,128.0,19.0,57.0,9.0,10.0,6.0,21.0,9.0,7.0,13.0,49.0,23.0,3.0,187.0,40.0,22.0,8.0,37.0,2.0,132.0,53.0,9.0,2.0,84.0,11.0,11.0,90.0,118.0,38.0,136.0,78.0,56.0,30.0,31.0,11.0,121.0,4.0,447.0,3.0,24.0,16.0,29.0,27.0,18.0,27.0,2.0,1.0
2020-09-29,803.0,11.0,143.0,37.0,2.0,72.0,83.0,6.0,84.0,5.0,2.0,2.0,3.0,5.0,14.0,1576.0,116.0,70.0,27.0,34.0,101.0,11.0,57.0,121.0,130.0,21.0,64.0,9.0,11.0,6.0,22.0,11.0,8.0,14.0,53.0,25.0,5.0,210.0,39.0,25.0,10.0,42.0,2.0,150.0,59.0,9.0,2.0,96.0,12.0,12.0,110.0,131.0,42.0,148.0,85.0,62.0,34.0,35.0,12.0,140.0,4.0,484.0,2.0,27.0,18.0,31.0,29.0,20.0,32.0,2.0,1.0
2020-09-30,853.0,11.0,153.0,38.0,2.0,78.0,89.0,6.0,94.0,5.0,2.0,2.0,3.0,7.0,15.0,1687.0,117.0,78.0,31.0,38.0,116.0,11.0,64.0,134.0,139.0,22.0,68.0,8.0,10.0,6.0,26.0,12.0,10.0,15.0,59.0,26.0,7.0,223.0,34.0,27.0,11.0,47.0,2.0,166.0,64.0,9.0,2.0,105.0,14.0,12.0,129.0,139.0,44.0,163.0,93.0,67.0,39.0,40.0,14.0,158.0,4.0,507.0,2.0,28.0,19.0,36.0,32.0,23.0,40.0,2.0,1.0
2020-10-01,873.0,11.0,155.0,37.0,2.0,81.0,89.0,6.0,97.0,6.0,2.0,2.0,4.0,8.0,16.0,1802.0,112.0,83.0,34.0,41.0,128.0,11.0,71.0,136.0,141.0,24.0,70.0,7.0,9.0,6.0,30.0,12.0,13.0,17.0,66.0,29.0,7.0,227.0,35.0,29.0,11.0,49.0,2.0,172.0,65.0,8.0,2.0,107.0,14.0,12.0,140.0,141.0,43.0,173.0,104.0,69.0,42.0,43.0,17.0,167.0,4.0,494.0,2.0,27.0,20.0,38.0,32.0,24.0,45.0,2.0,1.0
2020-10-02,869.0,10.0,154.0,35.0,2.0,82.0,86.0,5.0,90.0,6.0,3.0,1.0,5.0,8.0,16.0,1853.0,95.0,82.0,35.0,42.0,130.0,12.0,72.0,125.0,136.0,24.0,64.0,6.0,7.0,5.0,32.0,11.0,15.0,18.0,67.0,29.0,7.0,218.0,33.0,27.0,9.0,50.0,2.0,164.0,62.0,8.0,2.0,106.0,13.0,12.0,139.0,132.0,40.0,168.0,105.0,65.0,41.0,42.0,20.0,158.0,4.0,454.0,3.0,25.0,18.0,38.0,29.0,24.0,48.0,3.0,1.0
2020-10-03,843.0,9.0,146.0,32.0,1.0,79.0,82.0,4.0,79.0,5.0,2.0,1.0,5.0,7.0,15.0,1849.0,84.0,76.0,33.0,41.0,119.0,10.0,65.0,108.0,122.0,23.0,54.0,5.0,6.0,5.0,31.0,9.0,16.0,17.0,65.0,27.0,6.0,209.0,31.0,24.0,7.0,49.0,2.0,141.0,56.0,7.0,2.0,102.0,11.0,11.0,124.0,121.0,38.0,152.0,94.0,58.0,37.0,39.0,22.0,139.0,4.0,413.0,3.0,22.0,16.0,34.0,26.0,24.0,47.0,2.0,1.0
2020-10-04,827.0,9.0,139.0,30.0,1.0,77.0,81.0,3.0,65.0,4.0,2.0,1.0,5.0,5.0,12.0,1833.0,73.0,70.0,29.0,41.0,111.0,9.0,57.0,90.0,104.0,22.0,41.0,4.0,5.0,4.0,28.0,7.0,15.0,15.0,61.0,25.0,4.0,213.0,28.0,19.0,4.0,49.0,2.0,121.0,51.0,7.0,2.0,98.0,10.0,11.0,110.0,115.0,37.0,133.0,82.0,50.0,31.0,33.0,23.0,121.0,3.0,378.0,3.0,21.0,14.0,29.0,25.0,25.0,46.0,2.0,1.0
2020-10-05,840.0,8.0,137.0,29.0,1.0,78.0,85.0,2.0,60.0,3.0,2.0,1.0,4.0,4.0,11.0,1795.0,67.0,67.0,26.0,41.0,109.0,8.0,51.0,80.0,93.0,22.0,33.0,3.0,4.0,3.0,26.0,7.0,14.0,14.0,60.0,25.0,3.0,232.0,26.0,17.0,3.0,50.0,2.0,112.0,50.0,8.0,2.0,101.0,9.0,11.0,103.0,115.0,40.0,125.0,71.0,46.0,26.0,28.0,23.0,115.0,3.0,383.0,3.0,25.0,13.0,25.0,26.0,25.0,48.0,2.0,0.0
2020-10-06,894.0,9.0,142.0,29.0,1.0,85.0,96.0,2.0,61.0,3.0,2.0,2.0,3.0,2.0,10.0,1741.0,67.0,68.0,27.0,41.0,114.0,8.0,46.0,79.0,88.0,23.0,29.0,2.0,3.0,3.0,24.0,7.0,12.0,14.0,61.0,26.0,3.0,262.0,24.0,17.0,3.0,54.0,2.0,116.0,53.0,9.0,1.0,105.0,11.0,11.0,103.0,123.0,44.0,120.0,64.0,45.0,22.0,24.0,25.0,123.0,4.0,405.0,3.0,31.0,14.0,25.0,29.0,26.0,53.0,2.0,0.0
2020-10-07,939.0,10.0,145.0,32.0,1.0,92.0,104.0,2.0,68.0,3.0,2.0,2.0,2.0,2.0,10.0,1713.0,73.0,76.0,29.0,40.0,125.0,9.0,48.0,82.0,89.0,23.0,31.0,3.0,3.0,3.0,24.0,7.0,9.0,14.0,63.0,29.0,3.0,286.0,25.0,19.0,3.0,55.0,2.0,132.0,58.0,9.0,1.0,108.0,12.0,11.0,123.0,129.0,46.0,130.0,65.0,47.0,21.0,22.0,26.0,135.0,4.0,424.0,2.0,37.0,16.0,26.0,31.0,27.0,59.0,2.0,1.0
2020-10-08,970.0,10.0,150.0,34.0,1.0,98.0,109.0,2.0,72.0,3.0,1.0,2.0,2.0,3.0,11.0,1655.0,74.0,83.0,32.0,39.0,133.0,10.0,54.0,85.0,91.0,23.0,33.0,4.0,4.0,3.0,25.0,7.0,7.0,14.0,62.0,30.0,4.0,290.0,25.0,21.0,4.0,53.0,2.0,140.0,62.0,9.0,1.0,106.0,14.0,11.0,137.0,130.0,46.0,139.0,66.0,48.0,22.0,22.0,28.0,143.0,4.0,429.0,2.0,40.0,19.0,29.0,34.0,27.0,65.0,2.0,1.0
2020-10-09,937.0,9.0,146.0,34.0,1.0,96.0,106.0,2.0,71.0,3.0,1.0,2.0,2.0,3.0,11.0,1550.0,69.0,82.0,32.0,35.0,133.0,12.0,55.0,82.0,84.0,20.0,33.0,4.0,4.0,3.0,24.0,7.0,6.0,13.0,58.0,30.0,3.0,268.0,25.0,21.0,4.0,45.0,1.0,131.0,60.0,8.0,1.0,91.0,13.0,9.0,149.0,119.0,41.0,137.0,61.0,47.0,22.0,21.0,26.0,140.0,3.0,399.0,2.0,37.0,20.0,30.0,32.0,24.0,65.0,2.0,1.0
2020-10-10,895.0,7.0,139.0,35.0,1.0,93.0,101.0,2.0,72.0,3.0,1.0,2.0,3.0,5.0,11.0,1398.0,64.0,76.0,31.0,33.0,135.0,12.0,56.0,82.0,75.0,18.0,32.0,4.0,4.0,3.0,23.0,7.0,6.0,12.0,50.0,29.0,3.0,238.0,25.0,20.0,5.0,39.0,1.0,119.0,55.0,6.0,0.0,81.0,12.0,9.0,154.0,107.0,35.0,130.0,61.0,43.0,20.0,20.0,23.0,131.0,3.0,368.0,2.0,34.0,20.0,29.0,29.0,20.0,67.0,1.0,1.0
2020-10-11,860.0,5.0,132.0,35.0,1.0,91.0,98.0,2.0,73.0,3.0,0.0,2.0,4.0,6.0,11.0,1263.0,61.0,69.0,29.0,33.0,146.0,12.0,51.0,82.0,72.0,16.0,31.0,4.0,4.0,3.0,22.0,6.0,5.0,10.0,45.0,27.0,3.0,219.0,24.0,17.0,4.0,33.0,1.0,103.0,50.0,5.0,0.0,73.0,11.0,9.0,149.0,100.0,31.0,118.0,61.0,40.0,18.0,19.0,21.0,130.0,2.0,355.0,2.0,32.0,20.0,28.0,26.0,15.0,64.0,2.0,1.0
2020-10-12,871.0,5.0,133.0,37.0,1.0,93.0,97.0,2.0,77.0,2.0,0.0,2.0,5.0,7.0,12.0,1242.0,61.0,68.0,28.0,35.0,164.0,12.0,46.0,85.0,77.0,20.0,34.0,5.0,4.0,4.0,21.0,8.0,5.0,10.0,44.0,25.0,3.0,225.0,22.0,15.0,4.0,33.0,1.0,106.0,49.0,4.0,0.0,73.0,10.0,10.0,148.0,103.0,30.0,109.0,67.0,38.0,18.0,19.0,21.0,142.0,2.0,365.0,2.0,34.0,20.0,28.0,26.0,13.0,63.0,2.0,1.0
2020-10-13,946.0,6.0,144.0,38.0,1.0,101.0,103.0,2.0,86.0,2.0,0.0,2.0,5.0,8.0,13.0,1320.0,68.0,76.0,29.0,38.0,191.0,13.0,47.0,88.0,93.0,27.0,38.0,6.0,3.0,5.0,22.0,9.0,6.0,10.0,48.0,25.0,4.0,248.0,21.0,16.0,3.0,33.0,1.0,121.0,52.0,4.0,0.0,80.0,11.0,11.0,151.0,117.0,33.0,117.0,75.0,40.0,18.0,21.0,23.0,169.0,3.0,404.0,3.0,40.0,20.0,30.0,30.0,13.0,64.0,3.0,2.0
2020-10-14,1033.0,7.0,157.0,40.0,2.0,111.0,110.0,3.0,95.0,3.0,0.0,2.0,5.0,8.0,14.0,1456.0,76.0,87.0,31.0,41.0,215.0,14.0,51.0,91.0,106.0,36.0,41.0,7.0,4.0,5.0,24.0,10.0,7.0,12.0,52.0,25.0,5.0,278.0,20.0,19.0,3.0,36.0,1.0,142.0,57.0,5.0,1.0,91.0,14.0,12.0,152.0,133.0,38.0,125.0,81.0,42.0,20.0,24.0,26.0,201.0,4.0,438.0,4.0,45.0,21.0,35.0,33.0,14.0,65.0,3.0,3.0
2020-10-15,1077.0,9.0,165.0,41.0,2.0,116.0,118.0,3.0,98.0,3.0,0.0,1.0,4.0,7.0,18.0,1572.0,84.0,96.0,34.0,39.0,223.0,16.0,57.0,88.0,111.0,42.0,40.0,7.0,3.0,5.0,24.0,10.0,8.0,13.0,56.0,25.0,5.0,285.0,19.0,21.0,2.0,37.0,2.0,161.0,61.0,5.0,1.0,94.0,15.0,11.0,162.0,139.0,39.0,135.0,80.0,44.0,21.0,27.0,28.0,217.0,5.0,448.0,4.0,45.0,22.0,37.0,34.0,14.0,63.0,3.0,5.0
2020-10-16,1085.0,10.0,164.0,41.0,2.0,118.0,122.0,2.0,104.0,4.0,0.0,1.0,3.0,7.0,21.0,1637.0,92.0,99.0,36.0,38.0,226.0,20.0,67.0,87.0,109.0,46.0,38.0,7.0,4.0,5.0,25.0,10.0,10.0,14.0,61.0,25.0,5.0,286.0,21.0,22.0,2.0,38.0,2.0,166.0,62.0,4.0,2.0,96.0,16.0,11.0,173.0,139.0,39.0,142.0,82.0,45.0,29.0,29.0,27.0,225.0,5.0,454.0,4.0,42.0,23.0,38.0,35.0,14.0,64.0,3.0,6.0
2020-10-17,1074.0,10.0,165.0,39.0,2.0,118.0,126.0,2.0,104.0,5.0,0.0,1.0,2.0,6.0,24.0,1665.0,96.0,97.0,38.0,37.0,228.0,26.0,73.0,84.0,100.0,47.0,35.0,6.0,4.0,4.0,26.0,10.0,11.0,14.0,65.0,26.0,5.0,280.0,24.0,22.0,2.0,39.0,2.0,159.0,62.0,4.0,2.0,94.0,16.0,9.0,182.0,130.0,38.0,145.0,80.0,47.0,39.0,32.0,24.0,225.0,5.0,450.0,4.0,36.0,23.0,38.0,34.0,13.0,65.0,3.0,6.0
2020-10-18,1088.0,10.0,165.0,41.0,2.0,123.0,131.0,2.0,108.0,5.0,0.0,1.0,3.0,6.0,25.0,1670.0,101.0,92.0,41.0,40.0,231.0,30.0,72.0,84.0,93.0,46.0,37.0,5.0,4.0,4.0,26.0,10.0,13.0,14.0,68.0,29.0,4.0,282.0,29.0,22.0,3.0,39.0,3.0,153.0,62.0,3.0,2.0,102.0,16.0,10.0,197.0,123.0,37.0,148.0,83.0,51.0,53.0,35.0,21.0,224.0,5.0,476.0,4.0,34.0,24.0,37.0,34.0,14.0,68.0,2.0,5.0
2020-10-19,1134.0,10.0,173.0,43.0,2.0,129.0,135.0,3.0,111.0,5.0,0.0,2.0,3.0,6.0,25.0,1688.0,106.0,90.0,45.0,48.0,256.0,34.0,65.0,86.0,90.0,43.0,40.0,5.0,4.0,3.0,28.0,11.0,14.0,14.0,72.0,32.0,4.0,294.0,35.0,23.0,4.0,42.0,3.0,145.0,67.0,3.0,2.0,114.0,17.0,12.0,208.0,121.0,40.0,152.0,87.0,56.0,65.0,37.0,19.0,232.0,5.0,517.0,4.0,38.0,26.0,39.0,37.0,15.0,71.0,2.0,4.0
2020-10-20,1204.0,10.0,185.0,46.0,2.0,138.0,139.0,4.0,109.0,5.0,0.0,3.0,3.0,6.0,23.0,1769.0,108.0,91.0,49.0,57.0,280.0,33.0,59.0,86.0,91.0,39.0,43.0,5.0,4.0,4.0,29.0,12.0,14.0,15.0,75.0,33.0,5.0,313.0,39.0,24.0,5.0,44.0,3.0,149.0,72.0,3.0,2.0,129.0,18.0,14.0,217.0,127.0,43.0,151.0,88.0,59.0,71.0,37.0,18.0,248.0,6.0,554.0,4.0,43.0,29.0,41.0,42.0,15.0,73.0,1.0,2.0
2020-10-21,1239.0,10.0,189.0,49.0,2.0,142.0,136.0,4.0,104.0,4.0,1.0,3.0,3.0,5.0,21.0,1807.0,107.0,93.0,50.0,64.0,290.0,30.0,53.0,85.0,89.0,34.0,43.0,4.0,4.0,4.0,29.0,13.0,13.0,15.0,74.0,32.0,5.0,315.0,40.0,24.0,5.0,45.0,3.0,146.0,76.0,3.0,2.0,138.0,19.0,15.0,211.0,129.0,43.0,148.0,82.0,59.0,68.0,35.0,17.0,252.0,7.0,559.0,4.0,47.0,32.0,42.0,46.0,15.0,70.0,1.0,1.0
2020-10-22,1216.0,10.0,183.0,51.0,2.0,139.0,127.0,4.0,96.0,3.0,1.0,4.0,4.0,5.0,18.0,1788.0,107.0,95.0,49.0,67.0,289.0,26.0,52.0,85.0,84.0,28.0,42.0,4.0,3.0,4.0,28.0,15.0,13.0,15.0,70.0,30.0,5.0,302.0,38.0,24.0,5.0,43.0,2.0,141.0,75.0,3.0,1.0,136.0,18.0,14.0,191.0,131.0,43.0,140.0,72.0,55.0,59.0,31.0,15.0,254.0,7.0,530.0,4.0,47.0,32.0,41.0,46.0,13.0,64.0,1.0,1.0
2020-10-23,1149.0,9.0,169.0,54.0,2.0,135.0,119.0,4.0,90.0,2.0,2.0,6.0,5.0,4.0,20.0,1723.0,103.0,93.0,48.0,69.0,280.0,20.0,54.0,84.0,75.0,22.0,38.0,4.0,2.0,4.0,26.0,17.0,13.0,14.0,63.0,28.0,4.0,276.0,35.0,23.0,5.0,41.0,1.0,140.0,71.0,3.0,1.0,132.0,16.0,12.0,168.0,130.0,41.0,132.0,61.0,50.0,47.0,27.0,13.0,240.0,6.0,480.0,4.0,45.0,31.0,35.0,45.0,12.0,57.0,1.0,1.0
2020-10-24,1070.0,9.0,153.0,56.0,1.0,134.0,112.0,3.0,91.0,1.0,2.0,8.0,5.0,4.0,22.0,1684.0,100.0,91.0,47.0,68.0,271.0,16.0,53.0,87.0,67.0,18.0,38.0,4.0,2.0,4.0,23.0,18.0,13.0,14.0,59.0,27.0,3.0,255.0,34.0,21.0,4.0,40.0,1.0,135.0,66.0,3.0,0.0,126.0,15.0,11.0,157.0,126.0,38.0,132.0,52.0,45.0,40.0,24.0,11.0,233.0,5.0,448.0,4.0,43.0,28.0,31.0,41.0,11.0,53.0,1.0,2.0
2020-10-25,1037.0,8.0,147.0,59.0,1.0,133.0,112.0,2.0,97.0,2.0,2.0,9.0,6.0,4.0,25.0,1709.0,97.0,92.0,46.0,69.0,278.0,13.0,54.0,91.0,61.0,17.0,37.0,4.0,2.0,4.0,22.0,19.0,14.0,13.0,55.0,26.0,3.0,242.0,34.0,21.0,4.0,43.0,0.0,141.0,65.0,3.0,0.0,126.0,14.0,9.0,155.0,125.0,36.0,137.0,49.0,43.0,42.0,22.0,9.0,235.0,5.0,431.0,4.0,41.0,23.0,27.0,39.0,11.0,54.0,1.0,3.0
2020-10-26,1041.0,8.0,149.0,61.0,1.0,136.0,117.0,2.0,108.0,3.0,2.0,10.0,6.0,4.0,27.0,1794.0,98.0,96.0,47.0,68.0,297.0,11.0,54.0,93.0,64.0,17.0,38.0,5.0,2.0,5.0,22.0,18.0,15.0,13.0,53.0,27.0,3.0,247.0,35.0,22.0,4.0,46.0,0.0,149.0,68.0,4.0,1.0,132.0,15.0,9.0,171.0,130.0,35.0,152.0,49.0,45.0,47.0,25.0,9.0,246.0,5.0,453.0,4.0,40.0,23.0,26.0,40.0,12.0,58.0,1.0,4.0
2020-10-27,1063.0,9.0,154.0,61.0,2.0,134.0,121.0,2.0,120.0,4.0,2.0,8.0,5.0,3.0,28.0,1887.0,102.0,98.0,51.0,69.0,326.0,10.0,54.0,95.0,68.0,17.0,40.0,6.0,2.0,5.0,24.0,19.0,15.0,13.0,52.0,28.0,3.0,253.0,36.0,25.0,4.0,52.0,1.0,156.0,75.0,4.0,1.0,140.0,16.0,9.0,193.0,136.0,35.0,161.0,51.0,47.0,51.0,27.0,10.0,258.0,6.0,487.0,4.0,40.0,25.0,29.0,43.0,12.0,62.0,1.0,5.0
2020-10-28,1093.0,10.0,160.0,59.0,2.0,134.0,124.0,3.0,128.0,5.0,1.0,7.0,4.0,3.0,27.0,1968.0,110.0,100.0,54.0,67.0,354.0,9.0,55.0,96.0,76.0,18.0,40.0,6.0,2.0,5.0,26.0,18.0,15.0,13.0,55.0,29.0,4.0,259.0,36.0,28.0,5.0,55.0,1.0,162.0,81.0,5.0,2.0,147.0,17.0,9.0,208.0,144.0,35.0,163.0,51.0,48.0,56.0,29.0,12.0,268.0,7.0,516.0,4.0,39.0,29.0,32.0,46.0,13.0,67.0,2.0,5.0
2020-10-29,1047.0,10.0,153.0,53.0,2.0,130.0,116.0,3.0,128.0,6.0,1.0,4.0,3.0,3.0,25.0,1952.0,116.0,96.0,55.0,62.0,348.0,10.0,54.0,91.0,79.0,18.0,41.0,6.0,1.0,5.0,27.0,16.0,13.0,13.0,57.0,27.0,4.0,254.0,33.0,30.0,6.0,57.0,1.0,156.0,83.0,5.0,2.0,144.0,16.0,9.0,213.0,144.0,35.0,154.0,46.0,48.0,56.0,29.0,14.0,261.0,7.0,510.0,3.0,36.0,31.0,34.0,46.0,12.0,68.0,2.0,5.0
2020-10-30,955.0,9.0,141.0,46.0,1.0,121.0,102.0,3.0,120.0,6.0,1.0,2.0,2.0,3.0,21.0,1878.0,114.0,88.0,53.0,56.0,327.0,11.0,52.0,83.0,78.0,18.0,45.0,6.0,1.0,5.0,27.0,14.0,11.0,13.0,57.0,25.0,4.0,234.0,29.0,29.0,6.0,54.0,2.0,141.0,77.0,4.0,2.0,127.0,14.0,8.0,201.0,135.0,34.0,136.0,36.0,46.0,52.0,26.0,14.0,244.0,6.0,471.0,3.0,31.0,30.0,33.0,41.0,11.0,63.0,2.0,6.0
2020-10-31,889.0,8.0,129.0,42.0,1.0,115.0,94.0,3.0,114.0,6.0,1.0,2.0,2.0,4.0,20.0,1800.0,114.0,77.0,50.0,54.0,296.0,11.0,48.0,76.0,76.0,17.0,45.0,4.0,1.0,5.0,26.0,13.0,11.0,14.0,56.0,23.0,4.0,217.0,25.0,28.0,6.0,49.0,1.0,131.0,71.0,3.0,2.0,122.0,13.0,9.0,196.0,127.0,32.0,124.0,33.0,43.0,48.0,24.0,14.0,227.0,5.0,438.0,3.0,28.0,29.0,31.0,37.0,11.0,56.0,1.0,6.0
2020-11-01,857.0,7.0,126.0,39.0,1.0,112.0,93.0,2.0,107.0,6.0,1.0,2.0,2.0,4.0,19.0,1774.0,107.0,69.0,48.0,52.0,291.0,11.0,41.0,71.0,72.0,15.0,45.0,4.0,1.0,5.0,26.0,12.0,12.0,15.0,55.0,21.0,3.0,208.0,22.0,28.0,6.0,42.0,1.0,118.0,66.0,3.0,1.0,124.0,11.0,10.0,192.0,121.0,31.0,121.0,32.0,43.0,38.0,20.0,12.0,226.0,5.0,426.0,5.0,29.0,28.0,29.0,34.0,11.0,47.0,1.0,6.0
2020-11-02,906.0,7.0,133.0,42.0,1.0,115.0,101.0,2.0,108.0,6.0,1.0,3.0,2.0,3.0,21.0,1767.0,101.0,62.0,48.0,54.0,292.0,10.0,41.0,69.0,67.0,14.0,50.0,5.0,2.0,5.0,26.0,14.0,17.0,16.0,55.0,20.0,3.0,207.0,21.0,28.0,5.0,39.0,1.0,113.0,68.0,3.0,1.0,137.0,11.0,12.0,192.0,120.0,30.0,136.0,38.0,45.0,36.0,19.0,22.0,232.0,4.0,435.0,6.0,34.0,27.0,27.0,35.0,11.0,40.0,1.0,7.0
2020-11-03,976.0,8.0,145.0,46.0,1.0,120.0,112.0,1.0,114.0,6.0,1.0,4.0,2.0,4.0,23.0,1786.0,100.0,62.0,47.0,56.0,310.0,10.0,43.0,68.0,74.0,13.0,52.0,7.0,2.0,5.0,26.0,22.0,23.0,17.0,56.0,21.0,3.0,216.0,21.0,29.0,5.0,38.0,2.0,110.0,76.0,5.0,1.0,158.0,12.0,14.0,194.0,128.0,31.0,161.0,46.0,52.0,35.0,21.0,30.0,249.0,5.0,481.0,9.0,42.0,26.0,29.0,45.0,13.0,37.0,1.0,6.0
2020-11-04,1039.0,8.0,156.0,50.0,1.0,124.0,119.0,1.0,122.0,5.0,1.0,5.0,2.0,4.0,25.0,1784.0,99.0,64.0,49.0,56.0,331.0,10.0,49.0,70.0,81.0,13.0,57.0,9.0,2.0,5.0,28.0,31.0,27.0,18.0,56.0,23.0,5.0,223.0,22.0,30.0,6.0,42.0,2.0,111.0,85.0,6.0,1.0,175.0,13.0,15.0,197.0,140.0,32.0,183.0,53.0,60.0,34.0,22.0,38.0,264.0,5.0,529.0,10.0,50.0,29.0,31.0,55.0,14.0,38.0,1.0,6.0
2020-11-05,1048.0,9.0,161.0,52.0,1.0,127.0,117.0,1.0,126.0,5.0,1.0,7.0,3.0,4.0,26.0,1771.0,98.0,67.0,48.0,55.0,334.0,10.0,58.0,71.0,88.0,13.0,57.0,10.0,2.0,5.0,30.0,39.0,31.0,17.0,58.0,27.0,7.0,215.0,23.0,29.0,6.0,45.0,2.0,114.0,89.0,7.0,1.0,179.0,13.0,15.0,187.0,144.0,33.0,193.0,55.0,66.0,38.0,25.0,43.0,268.0,6.0,555.0,10.0,53.0,30.0,36.0,62.0,15.0,38.0,1.0,6.0
2020-11-06,998.0,8.0,158.0,51.0,1.0,123.0,107.0,1.0,126.0,4.0,1.0,8.0,3.0,4.0,27.0,1722.0,105.0,68.0,46.0,53.0,319.0,9.0,65.0,72.0,89.0,12.0,57.0,10.0,2.0,5.0,31.0,43.0,31.0,17.0,58.0,30.0,8.0,204.0,23.0,27.0,7.0,48.0,2.0,118.0,89.0,7.0,1.0,173.0,12.0,14.0,188.0,149.0,34.0,190.0,52.0,68.0,45.0,27.0,40.0,260.0,6.0,567.0,9.0,52.0,30.0,39.0,70.0,16.0,40.0,2.0,6.0
2020-11-07,914.0,7.0,151.0,45.0,1.0,111.0,93.0,1.0,120.0,3.0,1.0,9.0,4.0,5.0,28.0,1699.0,107.0,66.0,44.0,49.0,299.0,9.0,67.0,71.0,84.0,12.0,55.0,8.0,1.0,4.0,32.0,41.0,30.0,17.0,60.0,31.0,9.0,188.0,23.0,23.0,6.0,48.0,2.0,120.0,83.0,7.0,2.0,157.0,11.0,12.0,181.0,143.0,33.0,178.0,46.0,65.0,49.0,27.0,32.0,250.0,5.0,556.0,9.0,47.0,30.0,41.0,72.0,15.0,40.0,2.0,6.0
2020-11-08,853.0,5.0,147.0,43.0,1.0,101.0,84.0,1.0,118.0,2.0,1.0,9.0,6.0,5.0,29.0,1692.0,117.0,66.0,43.0,49.0,281.0,9.0,66.0,72.0,81.0,10.0,53.0,5.0,1.0,3.0,31.0,36.0,28.0,17.0,61.0,31.0,8.0,179.0,22.0,23.0,7.0,52.0,2.0,123.0,79.0,6.0,2.0,154.0,11.0,11.0,181.0,137.0,32.0,168.0,43.0,60.0,51.0,27.0,23.0,244.0,5.0,552.0,8.0,43.0,31.0,42.0,77.0,15.0,40.0,2.0,7.0
2020-11-09,823.0,4.0,145.0,41.0,1.0,95.0,81.0,2.0,116.0,2.0,1.0,8.0,7.0,5.0,30.0,1738.0,130.0,69.0,44.0,49.0,298.0,8.0,59.0,74.0,80.0,9.0,47.0,3.0,1.0,3.0,30.0,35.0,28.0,17.0,62.0,29.0,7.0,176.0,21.0,24.0,7.0,64.0,2.0,126.0,77.0,5.0,3.0,160.0,13.0,12.0,179.0,133.0,31.0,158.0,43.0,55.0,49.0,26.0,15.0,250.0,6.0,569.0,9.0,42.0,33.0,45.0,79.0,16.0,39.0,2.0,7.0
2020-11-10,830.0,3.0,144.0,44.0,1.0,93.0,81.0,2.0,121.0,1.0,2.0,7.0,10.0,5.0,32.0,1755.0,147.0,73.0,45.0,49.0,318.0,9.0,55.0,73.0,78.0,10.0,49.0,3.0,1.0,3.0,28.0,33.0,27.0,17.0,64.0,28.0,7.0,177.0,22.0,28.0,7.0,78.0,2.0,130.0,79.0,5.0,3.0,174.0,17.0,14.0,179.0,132.0,33.0,160.0,46.0,55.0,46.0,26.0,16.0,258.0,7.0,586.0,10.0,44.0,36.0,48.0,80.0,17.0,40.0,1.0,7.0
2020-11-11,825.0,3.0,137.0,47.0,2.0,92.0,81.0,3.0,126.0,1.0,2.0,6.0,12.0,6.0,33.0,1746.0,159.0,79.0,46.0,51.0,330.0,11.0,51.0,73.0,82.0,10.0,50.0,3.0,1.0,3.0,26.0,37.0,26.0,17.0,64.0,29.0,7.0,178.0,22.0,32.0,7.0,94.0,3.0,129.0,81.0,6.0,2.0,187.0,20.0,15.0,176.0,132.0,35.0,160.0,52.0,57.0,40.0,27.0,16.0,268.0,8.0,603.0,10.0,45.0,37.0,52.0,80.0,18.0,43.0,1.0,7.0
2020-11-12,803.0,3.0,126.0,49.0,2.0,86.0,77.0,4.0,129.0,1.0,3.0,4.0,13.0,6.0,33.0,1665.0,165.0,81.0,45.0,51.0,327.0,14.0,46.0,74.0,81.0,11.0,49.0,4.0,1.0,3.0,26.0,38.0,24.0,16.0,61.0,30.0,8.0,169.0,21.0,34.0,7.0,101.0,2.0,131.0,79.0,6.0,2.0,185.0,20.0,15.0,172.0,132.0,36.0,155.0,53.0,59.0,32.0,26.0,16.0,262.0,9.0,591.0,9.0,43.0,36.0,52.0,75.0,17.0,46.0,1.0,14.0
2020-11-13,733.0,3.0,109.0,45.0,1.0,78.0,69.0,3.0,125.0,1.0,3.0,4.0,12.0,6.0,30.0,1585.0,157.0,78.0,41.0,50.0,291.0,15.0,45.0,66.0,74.0,10.0,45.0,3.0,1.0,3.0,27.0,36.0,23.0,15.0,58.0,30.0,8.0,147.0,20.0,32.0,6.0,96.0,2.0,127.0,71.0,6.0,1.0,164.0,18.0,14.0,160.0,124.0,34.0,143.0,48.0,58.0,24.0,26.0,14.0,244.0,8.0,547.0,8.0,36.0,33.0,49.0,61.0,15.0,48.0,0.0,20.0
2020-11-14,670.0,2.0,97.0,41.0,1.0,70.0,62.0,2.0,127.0,1.0,3.0,4.0,12.0,6.0,28.0,1548.0,147.0,73.0,39.0,49.0,253.0,15.0,48.0,63.0,66.0,10.0,42.0,3.0,1.0,2.0,26.0,33.0,24.0,14.0,53.0,28.0,7.0,134.0,19.0,30.0,6.0,89.0,2.0,130.0,64.0,5.0,1.0,152.0,16.0,14.0,156.0,116.0,32.0,136.0,42.0,57.0,22.0,25.0,13.0,225.0,8.0,514.0,6.0,31.0,30.0,44.0,53.0,15.0,49.0,1.0,26.0
2020-11-15,634.0,2.0,92.0,37.0,1.0,65.0,57.0,2.0,129.0,1.0,3.0,5.0,11.0,5.0,27.0,1547.0,145.0,68.0,38.0,47.0,233.0,14.0,49.0,58.0,61.0,11.0,37.0,3.0,1.0,2.0,25.0,33.0,30.0,14.0,52.0,26.0,7.0,122.0,17.0,26.0,7.0,81.0,2.0,136.0,63.0,4.0,1.0,145.0,14.0,14.0,156.0,110.0,32.0,142.0,37.0,57.0,23.0,24.0,12.0,219.0,8.0,497.0,6.0,27.0,28.0,37.0,46.0,14.0,48.0,1.0,28.0
2020-11-16,636.0,2.0,94.0,34.0,1.0,66.0,57.0,1.0,141.0,1.0,3.0,5.0,12.0,4.0,28.0,1623.0,158.0,69.0,41.0,47.0,242.0,14.0,51.0,56.0,61.0,12.0,36.0,4.0,1.0,3.0,24.0,31.0,36.0,15.0,53.0,24.0,7.0,122.0,16.0,27.0,9.0,80.0,3.0,146.0,69.0,3.0,1.0,160.0,16.0,15.0,159.0,110.0,35.0,159.0,35.0,62.0,26.0,25.0,13.0,236.0,10.0,512.0,6.0,26.0,29.0,32.0,45.0,14.0,47.0,2.0,25.0
2020-11-17,698.0,2.0,106.0,35.0,1.0,75.0,62.0,1.0,164.0,2.0,4.0,5.0,13.0,5.0,33.0,1704.0,194.0,76.0,46.0,47.0,276.0,14.0,54.0,62.0,73.0,13.0,35.0,5.0,1.0,3.0,26.0,35.0,45.0,16.0,61.0,25.0,8.0,123.0,16.0,30.0,11.0,94.0,3.0,160.0,78.0,3.0,1.0,189.0,19.0,19.0,166.0,120.0,40.0,183.0,40.0,70.0,32.0,28.0,18.0,275.0,13.0,561.0,6.0,28.0,32.0,34.0,45.0,14.0,46.0,2.0,18.0
2020-11-18,781.0,3.0,117.0,37.0,1.0,85.0,67.0,2.0,186.0,3.0,4.0,5.0,14.0,6.0,38.0,1775.0,238.0,81.0,51.0,50.0,307.0,16.0,58.0,68.0,85.0,14.0,35.0,5.0,1.0,4.0,29.0,40.0,53.0,19.0,71.0,26.0,9.0,128.0,17.0,33.0,13.0,113.0,4.0,171.0,89.0,3.0,2.0,222.0,23.0,22.0,171.0,135.0,47.0,203.0,46.0,78.0,38.0,33.0,22.0,313.0,16.0,613.0,7.0,30.0,35.0,39.0,48.0,15.0,46.0,2.0,11.0
2020-11-19,821.0,3.0,122.0,38.0,1.0,90.0,68.0,2.0,197.0,5.0,4.0,5.0,14.0,7.0,40.0,1796.0,266.0,83.0,53.0,51.0,309.0,18.0,57.0,71.0,94.0,13.0,33.0,5.0,1.0,4.0,30.0,42.0,55.0,21.0,77.0,28.0,8.0,127.0,18.0,33.0,14.0,125.0,4.0,166.0,93.0,4.0,3.0,236.0,25.0,24.0,168.0,143.0,50.0,205.0,50.0,80.0,39.0,36.0,25.0,329.0,17.0,634.0,8.0,30.0,36.0,44.0,48.0,15.0,45.0,2.0,3.0
2020-11-20,838.0,4.0,123.0,39.0,1.0,91.0,67.0,2.0,199.0,5.0,4.0,5.0,13.0,8.0,42.0,1771.0,283.0,80.0,52.0,50.0,286.0,17.0,56.0,70.0,95.0,13.0,31.0,4.0,2.0,3.0,33.0,41.0,54.0,21.0,82.0,28.0,7.0,120.0,20.0,32.0,13.0,129.0,4.0,157.0,91.0,5.0,4.0,244.0,25.0,24.0,158.0,145.0,50.0,199.0,51.0,79.0,38.0,37.0,26.0,328.0,15.0,628.0,8.0,29.0,36.0,49.0,49.0,15.0,53.0,2.0,3.0
2020-11-21,804.0,4.0,117.0,37.0,1.0,86.0,63.0,1.0,191.0,5.0,4.0,5.0,10.0,8.0,40.0,1786.0,284.0,72.0,47.0,48.0,244.0,15.0,51.0,65.0,92.0,12.0,28.0,3.0,2.0,3.0,33.0,38.0,51.0,20.0,80.0,27.0,6.0,106.0,20.0,29.0,12.0,120.0,3.0,143.0,82.0,5.0,4.0,239.0,23.0,24.0,146.0,137.0,48.0,184.0,47.0,72.0,35.0,35.0,23.0,304.0,12.0,595.0,7.0,27.0,35.0,50.0,50.0,15.0,59.0,1.0,3.0
2020-11-22,772.0,5.0,115.0,37.0,1.0,83.0,63.0,1.0,189.0,4.0,4.0,5.0,9.0,8.0,39.0,1905.0,283.0,67.0,43.0,44.0,210.0,13.0,47.0,60.0,86.0,12.0,26.0,2.0,2.0,2.0,32.0,34.0,47.0,18.0,75.0,26.0,5.0,102.0,21.0,26.0,10.0,109.0,3.0,139.0,74.0,5.0,4.0,244.0,24.0,23.0,139.0,131.0,45.0,175.0,44.0,66.0,31.0,33.0,20.0,281.0,9.0,578.0,6.0,28.0,34.0,50.0,51.0,17.0,66.0,2.0,2.0
2020-11-23,755.0,6.0,114.0,36.0,1.0,82.0,64.0,0.0,193.0,4.0,3.0,4.0,8.0,9.0,40.0,2037.0,292.0,66.0,39.0,43.0,195.0,10.0,46.0,58.0,83.0,13.0,26.0,2.0,2.0,2.0,30.0,32.0,47.0,16.0,72.0,25.0,4.0,101.0,22.0,24.0,9.0,101.0,2.0,144.0,70.0,5.0,3.0,258.0,24.0,23.0,140.0,131.0,45.0,177.0,42.0,63.0,28.0,33.0,17.0,273.0,8.0,575.0,6.0,30.0,35.0,50.0,55.0,20.0,72.0,2.0,2.0
2020-11-24,732.0,6.0,109.0,35.0,1.0,82.0,64.0,0.0,206.0,5.0,3.0,4.0,7.0,9.0,40.0,2242.0,313.0,68.0,38.0,42.0,202.0,10.0,47.0,59.0,83.0,14.0,30.0,1.0,2.0,1.0,29.0,32.0,48.0,14.0,69.0,25.0,5.0,110.0,22.0,25.0,9.0,95.0,3.0,152.0,72.0,6.0,3.0,274.0,26.0,22.0,145.0,138.0,46.0,184.0,43.0,63.0,27.0,33.0,17.0,278.0,7.0,589.0,5.0,31.0,36.0,48.0,55.0,22.0,73.0,2.0,2.0
2020-11-25,707.0,6.0,102.0,33.0,1.0,82.0,63.0,0.0,224.0,6.0,3.0,4.0,7.0,10.0,41.0,2358.0,332.0,71.0,37.0,42.0,211.0,11.0,47.0,62.0,91.0,14.0,33.0,1.0,2.0,1.0,29.0,33.0,49.0,13.0,68.0,25.0,5.0,116.0,22.0,26.0,9.0,94.0,3.0,156.0,72.0,6.0,2.0,280.0,27.0,21.0,150.0,147.0,46.0,189.0,45.0,63.0,25.0,33.0,21.0,285.0,6.0,609.0,5.0,32.0,37.0,50.0,53.0,23.0,69.0,3.0,2.0
2020-11-26,654.0,5.0,90.0,29.0,1.0,81.0,57.0,0.0,230.0,7.0,3.0,4.0,8.0,10.0,40.0,2385.0,330.0,70.0,36.0,42.0,208.0,10.0,46.0,61.0,93.0,13.0,33.0,1.0,2.0,0.0,29.0,33.0,50.0,13.0,65.0,24.0,5.0,117.0,20.0,26.0,9.0,94.0,3.0,149.0,71.0,6.0,2.0,271.0,25.0,21.0,146.0,147.0,44.0,180.0,44.0,60.0,22.0,32.0,23.0,280.0,5.0,600.0,5.0,29.0,35.0,51.0,47.0,22.0,60.0,3.0,2.0
2020-11-27,581.0,4.0,77.0,25.0,1.0,74.0,50.0,0.0,226.0,8.0,3.0,5.0,9.0,9.0,36.0,2299.0,309.0,64.0,34.0,38.0,194.0,9.0,41.0,55.0,93.0,11.0,28.0,1.0,1.0,0.0,28.0,32.0,47.0,13.0,59.0,21.0,4.0,110.0,18.0,25.0,8.0,85.0,3.0,132.0,67.0,6.0,1.0,245.0,22.0,19.0,136.0,144.0,40.0,157.0,43.0,53.0,18.0,29.0,22.0,255.0,4.0,567.0,6.0,26.0,33.0,50.0,42.0,20.0,53.0,2.0,1.0
2020-11-28,540.0,4.0,70.0,22.0,1.0,66.0,46.0,0.0,215.0,8.0,2.0,4.0,9.0,9.0,34.0,2175.0,283.0,56.0,31.0,35.0,179.0,8.0,36.0,48.0,88.0,9.0,22.0,2.0,1.0,0.0,28.0,29.0,42.0,13.0,54.0,20.0,3.0,100.0,16.0,23.0,7.0,76.0,2.0,118.0,66.0,6.0,1.0,231.0,20.0,18.0,127.0,139.0,36.0,135.0,41.0,47.0,15.0,24.0,20.0,231.0,4.0,535.0,7.0,23.0,34.0,50.0,36.0,19.0,55.0,3.0,1.0
2020-11-29,546.0,6.0,71.0,21.0,1.0,61.0,47.0,1.0,202.0,7.0,2.0,4.0,8.0,8.0,31.0,2076.0,261.0,49.0,29.0,30.0,167.0,7.0,33.0,46.0,85.0,7.0,17.0,2.0,1.0,0.0,28.0,25.0,39.0,13.0,48.0,19.0,3.0,88.0,14.0,24.0,8.0,71.0,3.0,109.0,67.0,6.0,1.0,226.0,18.0,17.0,124.0,137.0,35.0,118.0,40.0,42.0,13.0,20.0,16.0,213.0,5.0,513.0,7.0,22.0,40.0,48.0,35.0,18.0,57.0,3.0,1.0
2020-11-30,588.0,7.0,79.0,23.0,1.0,58.0,52.0,1.0,194.0,5.0,2.0,4.0,8.0,7.0,31.0,2019.0,253.0,45.0,28.0,27.0,157.0,6.0,32.0,45.0,82.0,6.0,13.0,2.0,1.0,0.0,28.0,24.0,36.0,14.0,44.0,21.0,5.0,80.0,14.0,26.0,8.0,68.0,3.0,109.0,74.0,7.0,1.0,234.0,18.0,16.0,121.0,143.0,37.0,111.0,38.0,40.0,13.0,19.0,14.0,203.0,6.0,507.0,8.0,22.0,47.0,48.0,36.0,18.0,55.0,3.0,1.0
2020-12-01,651.0,8.0,89.0,25.0,1.0,60.0,60.0,2.0,195.0,4.0,2.0,4.0,7.0,7.0,32.0,2048.0,252.0,45.0,29.0,26.0,153.0,6.0,33.0,45.0,78.0,6.0,15.0,2.0,2.0,0.0,27.0,24.0,38.0,15.0,41.0,22.0,6.0,75.0,14.0,29.0,8.0,74.0,3.0,110.0,84.0,8.0,1.0,250.0,19.0,17.0,122.0,155.0,42.0,112.0,37.0,40.0,13.0,21.0,13.0,215.0,8.0,508.0,8.0,23.0,55.0,46.0,40.0,18.0,54.0,3.0,2.0
2020-12-02,689.0,8.0,95.0,26.0,1.0,61.0,65.0,2.0,197.0,3.0,2.0,4.0,6.0,7.0,34.0,2123.0,258.0,48.0,29.0,25.0,148.0,6.0,34.0,45.0,73.0,8.0,20.0,1.0,2.0,1.0,27.0,25.0,41.0,15.0,40.0,24.0,7.0,72.0,13.0,30.0,8.0,79.0,4.0,106.0,91.0,9.0,2.0,256.0,19.0,16.0,120.0,162.0,46.0,117.0,34.0,43.0,14.0,23.0,14.0,223.0,9.0,504.0,8.0,24.0,59.0,44.0,43.0,18.0,47.0,4.0,2.0
2020-12-03,693.0,8.0,96.0,27.0,1.0,59.0,66.0,2.0,199.0,3.0,2.0,4.0,6.0,7.0,35.0,2149.0,256.0,49.0,28.0,25.0,136.0,5.0,34.0,44.0,67.0,9.0,24.0,1.0,2.0,1.0,24.0,25.0,46.0,15.0,38.0,25.0,6.0,65.0,12.0,29.0,7.0,79.0,3.0,97.0,92.0,9.0,2.0,248.0,19.0,15.0,112.0,163.0,48.0,123.0,31.0,46.0,15.0,27.0,15.0,224.0,9.0,490.0,7.0,23.0,57.0,42.0,44.0,16.0,40.0,4.0,2.0
2020-12-04,662.0,7.0,92.0,26.0,0.0,57.0,63.0,2.0,197.0,3.0,2.0,5.0,6.0,7.0,34.0,2149.0,249.0,48.0,26.0,24.0,126.0,4.0,31.0,41.0,58.0,9.0,26.0,1.0,2.0,1.0,22.0,23.0,46.0,14.0,34.0,24.0,6.0,56.0,11.0,28.0,6.0,76.0,3.0,85.0,86.0,8.0,2.0,226.0,18.0,13.0,104.0,161.0,47.0,127.0,28.0,47.0,15.0,28.0,15.0,214.0,8.0,466.0,6.0,22.0,51.0,39.0,41.0,13.0,34.0,3.0,2.0
2020-12-05,618.0,5.0,86.0,26.0,0.0,53.0,58.0,2.0,192.0,3.0,2.0,5.0,6.0,7.0,32.0,2106.0,250.0,43.0,22.0,23.0,115.0,4.0,27.0,37.0,52.0,9.0,26.0,1.0,2.0,1.0,20.0,22.0,45.0,12.0,33.0,22.0,5.0,49.0,10.0,27.0,4.0,69.0,2.0,78.0,76.0,6.0,2.0,194.0,16.0,12.0,98.0,153.0,42.0,131.0,28.0,46.0,15.0,29.0,14.0,209.0,7.0,437.0,4.0,21.0,41.0,36.0,37.0,11.0,37.0,2.0,1.0
2020-12-06,599.0,4.0,83.0,26.0,0.0,54.0,55.0,1.0,198.0,4.0,2.0,5.0,6.0,8.0,33.0,2076.0,258.0,40.0,19.0,23.0,113.0,3.0,23.0,38.0,45.0,7.0,23.0,1.0,2.0,1.0,19.0,21.0,42.0,11.0,34.0,20.0,4.0,49.0,11.0,25.0,3.0,62.0,2.0,77.0,67.0,5.0,2.0,175.0,15.0,12.0,98.0,147.0,39.0,134.0,28.0,46.0,16.0,28.0,13.0,200.0,6.0,414.0,3.0,21.0,32.0,32.0,32.0,11.0,41.0,2.0,1.0
2020-12-07,605.0,3.0,83.0,28.0,0.0,58.0,55.0,1.0,204.0,4.0,2.0,6.0,6.0,8.0,34.0,2099.0,261.0,38.0,18.0,24.0,118.0,4.0,21.0,39.0,38.0,5.0,18.0,1.0,2.0,0.0,17.0,21.0,38.0,10.0,34.0,18.0,4.0,56.0,11.0,25.0,3.0,58.0,2.0,77.0,61.0,4.0,1.0,164.0,16.0,13.0,103.0,147.0,40.0,135.0,30.0,45.0,17.0,26.0,11.0,197.0,5.0,400.0,3.0,24.0,28.0,29.0,29.0,11.0,44.0,1.0,1.0
2020-12-08,585.0,3.0,81.0,27.0,1.0,60.0,51.0,2.0,211.0,4.0,3.0,6.0,5.0,8.0,37.0,2102.0,263.0,37.0,18.0,24.0,118.0,4.0,20.0,39.0,32.0,3.0,14.0,1.0,1.0,0.0,16.0,27.0,32.0,10.0,35.0,18.0,4.0,59.0,12.0,22.0,2.0,53.0,2.0,77.0,57.0,4.0,1.0,163.0,17.0,15.0,105.0,146.0,44.0,135.0,31.0,46.0,19.0,25.0,11.0,179.0,5.0,375.0,4.0,26.0,26.0,28.0,28.0,11.0,42.0,0.0,1.0
2020-12-09,575.0,3.0,79.0,26.0,1.0,61.0,50.0,2.0,222.0,5.0,3.0,6.0,5.0,8.0,41.0,2147.0,255.0,39.0,19.0,25.0,122.0,5.0,20.0,40.0,27.0,2.0,11.0,1.0,1.0,0.0,15.0,34.0,32.0,11.0,36.0,18.0,5.0,64.0,13.0,20.0,3.0,50.0,2.0,78.0,58.0,5.0,0.0,174.0,19.0,18.0,108.0,153.0,50.0,133.0,32.0,47.0,20.0,25.0,11.0,170.0,5.0,357.0,5.0,30.0,27.0,27.0,29.0,12.0,40.0,0.0,2.0
2020-12-10,546.0,3.0,76.0,24.0,1.0,60.0,47.0,2.0,229.0,5.0,3.0,7.0,5.0,8.0,44.0,2216.0,245.0,42.0,21.0,26.0,125.0,6.0,19.0,39.0,22.0,2.0,9.0,0.0,1.0,0.0,14.0,42.0,30.0,12.0,36.0,19.0,5.0,65.0,13.0,18.0,3.0,47.0,2.0,75.0,60.0,6.0,0.0,190.0,21.0,21.0,110.0,159.0,57.0,134.0,33.0,49.0,22.0,26.0,11.0,153.0,5.0,342.0,6.0,31.0,29.0,27.0,30.0,12.0,36.0,0.0,2.0
2020-12-11,482.0,3.0,66.0,20.0,1.0,53.0,41.0,3.0,226.0,5.0,3.0,7.0,4.0,8.0,45.0,2228.0,225.0,42.0,21.0,26.0,116.0,6.0,19.0,38.0,17.0,2.0,9.0,0.0,1.0,0.0,13.0,49.0,29.0,12.0,35.0,19.0,4.0,59.0,13.0,13.0,3.0,41.0,2.0,70.0,58.0,7.0,0.0,196.0,22.0,24.0,104.0,156.0,62.0,131.0,32.0,50.0,22.0,27.0,11.0,129.0,5.0,312.0,7.0,30.0,29.0,28.0,28.0,11.0,30.0,0.0,2.0
